<?xml version="1.0" encoding="UTF-8"?>
<con:soapui-project id="34e5e402-628c-4945-8187-52d3ae20a214" activeEnvironment="Default" name="IFS" soapui-version="5.6.0" abortOnError="false" runType="SEQUENTIAL" xmlns:con="http://eviware.com/soapui/config"><con:settings/><con:interface xsi:type="con:WsdlInterface" id="47565960-4614-4eea-8883-a4691b71d8d4" wsaVersion="NONE" name="CWebServiceSajUtilServicePortBinding" type="wsdl" bindingName="{http://cwebservicesajutil.webservices.ifsworld.com/}CWebServiceSajUtilServicePortBinding" soapVersion="1_1" anonymous="optional" definition="https://ifstst.coppels1.com:57080/ifssvc/CWebServiceSajUtil?wsdl" xmlns:xsi="http://www.w3.org/2001/XMLSchema-instance"><con:settings/><con:definitionCache type="TEXT" rootPart="https://ifstst.coppels1.com:57080/ifssvc/CWebServiceSajUtil?wsdl"><con:part><con:url>https://ifstst.coppels1.com:57080/ifssvc/CWebServiceSajUtil?wsdl</con:url><con:content><![CDATA[<!--Published by JAX-WS RI (http://jax-ws.java.net). RI's version is JAX-WS RI 2.3.0-b170407.2038 svn-revision#2eaca54d17a59d265c6fe886b7fd0027836c766c.-->
<!--Generated by JAX-WS RI (http://jax-ws.java.net). RI's version is JAX-WS RI 2.3.0-b170407.2038 svn-revision#2eaca54d17a59d265c6fe886b7fd0027836c766c.-->
<definitions targetNamespace="http://cwebservicesajutil.webservices.ifsworld.com/" name="CWebServiceSajUtil" xmlns:wsu="http://docs.oasis-open.org/wss/2004/01/oasis-200401-wss-wssecurity-utility-1.0.xsd" xmlns:wsp="http://www.w3.org/ns/ws-policy" xmlns:wsp1_2="http://schemas.xmlsoap.org/ws/2004/09/policy" xmlns:wsam="http://www.w3.org/2007/05/addressing/metadata" xmlns:soap="http://schemas.xmlsoap.org/wsdl/soap/" xmlns:tns="http://cwebservicesajutil.webservices.ifsworld.com/" xmlns:xsd="http://www.w3.org/2001/XMLSchema" xmlns="http://schemas.xmlsoap.org/wsdl/">
  <types>
    <xsd:schema>
      <xsd:import namespace="http://cwebservicesajutil.webservices.ifsworld.com/" schemaLocation="https://ifstst.coppels1.com:57080/ifssvc/CWebServiceSajUtil?xsd=1"/>
    </xsd:schema>
  </types>
  <message name="sendProjectSearch">
    <part name="parameters" element="tns:sendProjectSearch"/>
    <part name="runAsIdentity" element="tns:runAsIdentity"/>
  </message>
  <message name="sendProjectSearchResponse">
    <part name="result" element="tns:sendProjectSearchResponse"/>
  </message>
  <message name="ServiceException">
    <part name="fault" element="tns:ServiceException"/>
  </message>
  <message name="sendSupplierSearch">
    <part name="parameters" element="tns:sendSupplierSearch"/>
    <part name="runAsIdentity" element="tns:runAsIdentity"/>
  </message>
  <message name="sendSupplierSearchResponse">
    <part name="result" element="tns:sendSupplierSearchResponse"/>
  </message>
  <message name="sendApproveOrRejectDocument">
    <part name="parameters" element="tns:sendApproveOrRejectDocument"/>
    <part name="runAsIdentity" element="tns:runAsIdentity"/>
  </message>
  <message name="sendApproveOrRejectDocumentResponse">
    <part name="result" element="tns:sendApproveOrRejectDocumentResponse"/>
  </message>
  <message name="sendTypeAnnouncement">
    <part name="parameters" element="tns:sendTypeAnnouncement"/>
    <part name="runAsIdentity" element="tns:runAsIdentity"/>
  </message>
  <message name="sendTypeAnnouncementResponse">
    <part name="result" element="tns:sendTypeAnnouncementResponse"/>
  </message>
  <message name="sendPropDestination">
    <part name="parameters" element="tns:sendPropDestination"/>
    <part name="runAsIdentity" element="tns:runAsIdentity"/>
  </message>
  <message name="sendPropDestinationResponse">
    <part name="result" element="tns:sendPropDestinationResponse"/>
  </message>
  <message name="sendOpportunityLocation">
    <part name="parameters" element="tns:sendOpportunityLocation"/>
    <part name="runAsIdentity" element="tns:runAsIdentity"/>
  </message>
  <message name="sendOpportunityLocationResponse">
    <part name="result" element="tns:sendOpportunityLocationResponse"/>
  </message>
  <message name="addFileInPackage">
    <part name="parameters" element="tns:addFileInPackage"/>
    <part name="runAsIdentity" element="tns:runAsIdentity"/>
  </message>
  <message name="addFileInPackageResponse">
    <part name="result" element="tns:addFileInPackageResponse"/>
  </message>
  <message name="closeFolio">
    <part name="parameters" element="tns:closeFolio"/>
    <part name="runAsIdentity" element="tns:runAsIdentity"/>
  </message>
  <message name="closeFolioResponse">
    <part name="result" element="tns:closeFolioResponse"/>
  </message>
  <message name="sendResponsable">
    <part name="parameters" element="tns:sendResponsable"/>
    <part name="runAsIdentity" element="tns:runAsIdentity"/>
  </message>
  <message name="sendResponsableResponse">
    <part name="result" element="tns:sendResponsableResponse"/>
  </message>
  <message name="sendModifySaj">
    <part name="parameters" element="tns:sendModifySaj"/>
    <part name="runAsIdentity" element="tns:runAsIdentity"/>
  </message>
  <message name="sendModifySajResponse">
    <part name="result" element="tns:sendModifySajResponse"/>
  </message>
  <message name="sendPersonSearch">
    <part name="parameters" element="tns:sendPersonSearch"/>
    <part name="runAsIdentity" element="tns:runAsIdentity"/>
  </message>
  <message name="sendPersonSearchResponse">
    <part name="result" element="tns:sendPersonSearchResponse"/>
  </message>
  <portType name="CWebServiceSajUtilService">
    <operation name="sendProjectSearch" parameterOrder="parameters runAsIdentity">
      <input wsam:Action="http://cwebservicesajutil.webservices.ifsworld.com/CWebServiceSajUtilService/sendProjectSearchRequest" message="tns:sendProjectSearch"/>
      <output wsam:Action="http://cwebservicesajutil.webservices.ifsworld.com/CWebServiceSajUtilService/sendProjectSearchResponse" message="tns:sendProjectSearchResponse"/>
      <fault message="tns:ServiceException" name="ServiceException" wsam:Action="http://cwebservicesajutil.webservices.ifsworld.com/CWebServiceSajUtilService/sendProjectSearch/Fault/ServiceException"/>
    </operation>
    <operation name="sendSupplierSearch" parameterOrder="parameters runAsIdentity">
      <input wsam:Action="http://cwebservicesajutil.webservices.ifsworld.com/CWebServiceSajUtilService/sendSupplierSearchRequest" message="tns:sendSupplierSearch"/>
      <output wsam:Action="http://cwebservicesajutil.webservices.ifsworld.com/CWebServiceSajUtilService/sendSupplierSearchResponse" message="tns:sendSupplierSearchResponse"/>
      <fault message="tns:ServiceException" name="ServiceException" wsam:Action="http://cwebservicesajutil.webservices.ifsworld.com/CWebServiceSajUtilService/sendSupplierSearch/Fault/ServiceException"/>
    </operation>
    <operation name="sendApproveOrRejectDocument" parameterOrder="parameters runAsIdentity">
      <input wsam:Action="http://cwebservicesajutil.webservices.ifsworld.com/CWebServiceSajUtilService/sendApproveOrRejectDocumentRequest" message="tns:sendApproveOrRejectDocument"/>
      <output wsam:Action="http://cwebservicesajutil.webservices.ifsworld.com/CWebServiceSajUtilService/sendApproveOrRejectDocumentResponse" message="tns:sendApproveOrRejectDocumentResponse"/>
      <fault message="tns:ServiceException" name="ServiceException" wsam:Action="http://cwebservicesajutil.webservices.ifsworld.com/CWebServiceSajUtilService/sendApproveOrRejectDocument/Fault/ServiceException"/>
    </operation>
    <operation name="sendTypeAnnouncement" parameterOrder="parameters runAsIdentity">
      <input wsam:Action="http://cwebservicesajutil.webservices.ifsworld.com/CWebServiceSajUtilService/sendTypeAnnouncementRequest" message="tns:sendTypeAnnouncement"/>
      <output wsam:Action="http://cwebservicesajutil.webservices.ifsworld.com/CWebServiceSajUtilService/sendTypeAnnouncementResponse" message="tns:sendTypeAnnouncementResponse"/>
      <fault message="tns:ServiceException" name="ServiceException" wsam:Action="http://cwebservicesajutil.webservices.ifsworld.com/CWebServiceSajUtilService/sendTypeAnnouncement/Fault/ServiceException"/>
    </operation>
    <operation name="sendPropDestination" parameterOrder="parameters runAsIdentity">
      <input wsam:Action="http://cwebservicesajutil.webservices.ifsworld.com/CWebServiceSajUtilService/sendPropDestinationRequest" message="tns:sendPropDestination"/>
      <output wsam:Action="http://cwebservicesajutil.webservices.ifsworld.com/CWebServiceSajUtilService/sendPropDestinationResponse" message="tns:sendPropDestinationResponse"/>
      <fault message="tns:ServiceException" name="ServiceException" wsam:Action="http://cwebservicesajutil.webservices.ifsworld.com/CWebServiceSajUtilService/sendPropDestination/Fault/ServiceException"/>
    </operation>
    <operation name="sendOpportunityLocation" parameterOrder="parameters runAsIdentity">
      <input wsam:Action="http://cwebservicesajutil.webservices.ifsworld.com/CWebServiceSajUtilService/sendOpportunityLocationRequest" message="tns:sendOpportunityLocation"/>
      <output wsam:Action="http://cwebservicesajutil.webservices.ifsworld.com/CWebServiceSajUtilService/sendOpportunityLocationResponse" message="tns:sendOpportunityLocationResponse"/>
      <fault message="tns:ServiceException" name="ServiceException" wsam:Action="http://cwebservicesajutil.webservices.ifsworld.com/CWebServiceSajUtilService/sendOpportunityLocation/Fault/ServiceException"/>
    </operation>
    <operation name="addFileInPackage" parameterOrder="parameters runAsIdentity">
      <input wsam:Action="http://cwebservicesajutil.webservices.ifsworld.com/CWebServiceSajUtilService/addFileInPackageRequest" message="tns:addFileInPackage"/>
      <output wsam:Action="http://cwebservicesajutil.webservices.ifsworld.com/CWebServiceSajUtilService/addFileInPackageResponse" message="tns:addFileInPackageResponse"/>
      <fault message="tns:ServiceException" name="ServiceException" wsam:Action="http://cwebservicesajutil.webservices.ifsworld.com/CWebServiceSajUtilService/addFileInPackage/Fault/ServiceException"/>
    </operation>
    <operation name="closeFolio" parameterOrder="parameters runAsIdentity">
      <input wsam:Action="http://cwebservicesajutil.webservices.ifsworld.com/CWebServiceSajUtilService/closeFolioRequest" message="tns:closeFolio"/>
      <output wsam:Action="http://cwebservicesajutil.webservices.ifsworld.com/CWebServiceSajUtilService/closeFolioResponse" message="tns:closeFolioResponse"/>
      <fault message="tns:ServiceException" name="ServiceException" wsam:Action="http://cwebservicesajutil.webservices.ifsworld.com/CWebServiceSajUtilService/closeFolio/Fault/ServiceException"/>
    </operation>
    <operation name="sendResponsable" parameterOrder="parameters runAsIdentity">
      <input wsam:Action="http://cwebservicesajutil.webservices.ifsworld.com/CWebServiceSajUtilService/sendResponsableRequest" message="tns:sendResponsable"/>
      <output wsam:Action="http://cwebservicesajutil.webservices.ifsworld.com/CWebServiceSajUtilService/sendResponsableResponse" message="tns:sendResponsableResponse"/>
      <fault message="tns:ServiceException" name="ServiceException" wsam:Action="http://cwebservicesajutil.webservices.ifsworld.com/CWebServiceSajUtilService/sendResponsable/Fault/ServiceException"/>
    </operation>
    <operation name="sendModifySaj" parameterOrder="parameters runAsIdentity">
      <input wsam:Action="http://cwebservicesajutil.webservices.ifsworld.com/CWebServiceSajUtilService/sendModifySajRequest" message="tns:sendModifySaj"/>
      <output wsam:Action="http://cwebservicesajutil.webservices.ifsworld.com/CWebServiceSajUtilService/sendModifySajResponse" message="tns:sendModifySajResponse"/>
      <fault message="tns:ServiceException" name="ServiceException" wsam:Action="http://cwebservicesajutil.webservices.ifsworld.com/CWebServiceSajUtilService/sendModifySaj/Fault/ServiceException"/>
    </operation>
    <operation name="sendPersonSearch" parameterOrder="parameters runAsIdentity">
      <input wsam:Action="http://cwebservicesajutil.webservices.ifsworld.com/CWebServiceSajUtilService/sendPersonSearchRequest" message="tns:sendPersonSearch"/>
      <output wsam:Action="http://cwebservicesajutil.webservices.ifsworld.com/CWebServiceSajUtilService/sendPersonSearchResponse" message="tns:sendPersonSearchResponse"/>
      <fault message="tns:ServiceException" name="ServiceException" wsam:Action="http://cwebservicesajutil.webservices.ifsworld.com/CWebServiceSajUtilService/sendPersonSearch/Fault/ServiceException"/>
    </operation>
  </portType>
  <binding name="CWebServiceSajUtilServicePortBinding" type="tns:CWebServiceSajUtilService">
    <soap:binding transport="http://schemas.xmlsoap.org/soap/http" style="document"/>
    <operation name="sendProjectSearch">
      <soap:operation soapAction=""/>
      <input>
        <soap:body use="literal" parts="parameters"/>
        <soap:header message="tns:sendProjectSearch" part="runAsIdentity" use="literal"/>
      </input>
      <output>
        <soap:body use="literal"/>
      </output>
      <fault name="ServiceException">
        <soap:fault name="ServiceException" use="literal"/>
      </fault>
    </operation>
    <operation name="sendSupplierSearch">
      <soap:operation soapAction=""/>
      <input>
        <soap:body use="literal" parts="parameters"/>
        <soap:header message="tns:sendSupplierSearch" part="runAsIdentity" use="literal"/>
      </input>
      <output>
        <soap:body use="literal"/>
      </output>
      <fault name="ServiceException">
        <soap:fault name="ServiceException" use="literal"/>
      </fault>
    </operation>
    <operation name="sendApproveOrRejectDocument">
      <soap:operation soapAction=""/>
      <input>
        <soap:body use="literal" parts="parameters"/>
        <soap:header message="tns:sendApproveOrRejectDocument" part="runAsIdentity" use="literal"/>
      </input>
      <output>
        <soap:body use="literal"/>
      </output>
      <fault name="ServiceException">
        <soap:fault name="ServiceException" use="literal"/>
      </fault>
    </operation>
    <operation name="sendTypeAnnouncement">
      <soap:operation soapAction=""/>
      <input>
        <soap:body use="literal" parts="parameters"/>
        <soap:header message="tns:sendTypeAnnouncement" part="runAsIdentity" use="literal"/>
      </input>
      <output>
        <soap:body use="literal"/>
      </output>
      <fault name="ServiceException">
        <soap:fault name="ServiceException" use="literal"/>
      </fault>
    </operation>
    <operation name="sendPropDestination">
      <soap:operation soapAction=""/>
      <input>
        <soap:body use="literal" parts="parameters"/>
        <soap:header message="tns:sendPropDestination" part="runAsIdentity" use="literal"/>
      </input>
      <output>
        <soap:body use="literal"/>
      </output>
      <fault name="ServiceException">
        <soap:fault name="ServiceException" use="literal"/>
      </fault>
    </operation>
    <operation name="sendOpportunityLocation">
      <soap:operation soapAction=""/>
      <input>
        <soap:body use="literal" parts="parameters"/>
        <soap:header message="tns:sendOpportunityLocation" part="runAsIdentity" use="literal"/>
      </input>
      <output>
        <soap:body use="literal"/>
      </output>
      <fault name="ServiceException">
        <soap:fault name="ServiceException" use="literal"/>
      </fault>
    </operation>
    <operation name="addFileInPackage">
      <soap:operation soapAction=""/>
      <input>
        <soap:body use="literal" parts="parameters"/>
        <soap:header message="tns:addFileInPackage" part="runAsIdentity" use="literal"/>
      </input>
      <output>
        <soap:body use="literal"/>
      </output>
      <fault name="ServiceException">
        <soap:fault name="ServiceException" use="literal"/>
      </fault>
    </operation>
    <operation name="closeFolio">
      <soap:operation soapAction=""/>
      <input>
        <soap:body use="literal" parts="parameters"/>
        <soap:header message="tns:closeFolio" part="runAsIdentity" use="literal"/>
      </input>
      <output>
        <soap:body use="literal"/>
      </output>
      <fault name="ServiceException">
        <soap:fault name="ServiceException" use="literal"/>
      </fault>
    </operation>
    <operation name="sendResponsable">
      <soap:operation soapAction=""/>
      <input>
        <soap:body use="literal" parts="parameters"/>
        <soap:header message="tns:sendResponsable" part="runAsIdentity" use="literal"/>
      </input>
      <output>
        <soap:body use="literal"/>
      </output>
      <fault name="ServiceException">
        <soap:fault name="ServiceException" use="literal"/>
      </fault>
    </operation>
    <operation name="sendModifySaj">
      <soap:operation soapAction=""/>
      <input>
        <soap:body use="literal" parts="parameters"/>
        <soap:header message="tns:sendModifySaj" part="runAsIdentity" use="literal"/>
      </input>
      <output>
        <soap:body use="literal"/>
      </output>
      <fault name="ServiceException">
        <soap:fault name="ServiceException" use="literal"/>
      </fault>
    </operation>
    <operation name="sendPersonSearch">
      <soap:operation soapAction=""/>
      <input>
        <soap:body use="literal" parts="parameters"/>
        <soap:header message="tns:sendPersonSearch" part="runAsIdentity" use="literal"/>
      </input>
      <output>
        <soap:body use="literal"/>
      </output>
      <fault name="ServiceException">
        <soap:fault name="ServiceException" use="literal"/>
      </fault>
    </operation>
  </binding>
  <service name="CWebServiceSajUtil">
    <port name="CWebServiceSajUtilServicePort" binding="tns:CWebServiceSajUtilServicePortBinding">
      <soap:address location="https://ifstst.coppels1.com:57080/ifssvc/CWebServiceSajUtil"/>
    </port>
  </service>
</definitions>]]></con:content><con:type>http://schemas.xmlsoap.org/wsdl/</con:type></con:part><con:part><con:url>https://ifstst.coppels1.com:57080/ifssvc/CWebServiceSajUtil?xsd=1</con:url><con:content><![CDATA[<!--Published by JAX-WS RI (http://jax-ws.java.net). RI's version is JAX-WS RI 2.3.0-b170407.2038 svn-revision#2eaca54d17a59d265c6fe886b7fd0027836c766c.-->
<xsd:schema targetNamespace="http://cwebservicesajutil.webservices.ifsworld.com/" xmlns:ns0="http://cwebservicesajutil.webservices.ifsworld.com/" xmlns:xsd="http://www.w3.org/2001/XMLSchema">
  <xsd:complexType name="addFileInPackage">
    <xsd:sequence>
      <xsd:element name="SajFolioNo" type="xsd:decimal" minOccurs="0"/>
      <xsd:element name="SajFileName" type="xsd:string" minOccurs="0"/>
      <xsd:element name="SajFileType" type="xsd:string" minOccurs="0"/>
      <xsd:element name="SajFileClass" type="xsd:string" minOccurs="0"/>
      <xsd:element name="SajFile" type="xsd:base64Binary" minOccurs="0" nillable="true"/>
    </xsd:sequence>
  </xsd:complexType>
  <xsd:complexType name="addFileInPackageResponse">
    <xsd:sequence>
      <xsd:element name="return" type="xsd:string" minOccurs="0"/>
    </xsd:sequence>
  </xsd:complexType>
  <xsd:complexType name="closeFolio">
    <xsd:sequence>
      <xsd:element name="SajFolioNo" type="xsd:decimal" minOccurs="0"/>
      <xsd:element name="ClaspType" type="xsd:string" minOccurs="0"/>
      <xsd:element name="DeadLine" type="xsd:string" minOccurs="0"/>
      <xsd:element name="ClosingForm" type="xsd:string" minOccurs="0"/>
    </xsd:sequence>
  </xsd:complexType>
  <xsd:complexType name="closeFolioResponse">
    <xsd:sequence>
      <xsd:element name="return" type="xsd:string" minOccurs="0"/>
    </xsd:sequence>
  </xsd:complexType>
  <xsd:complexType name="sendApproveOrRejectDocument">
    <xsd:sequence>
      <xsd:element name="StepNo" type="xsd:string" minOccurs="0"/>
      <xsd:element name="SajFolio" type="xsd:string" minOccurs="0"/>
      <xsd:element name="SucessSaj" type="xsd:decimal" minOccurs="0"/>
      <xsd:element name="PersonId" type="xsd:string" minOccurs="0"/>
      <xsd:element name="ApprovalStatus" type="xsd:string" minOccurs="0"/>
      <xsd:element name="Note" type="xsd:string" minOccurs="0"/>
    </xsd:sequence>
  </xsd:complexType>
  <xsd:complexType name="sendApproveOrRejectDocumentResponse">
    <xsd:sequence>
      <xsd:element name="return" type="xsd:string" minOccurs="0"/>
    </xsd:sequence>
  </xsd:complexType>
  <xsd:complexType name="sendModifySaj">
    <xsd:sequence>
      <xsd:element name="SajFolio" type="xsd:decimal" minOccurs="0"/>
      <xsd:element name="StateId" type="xsd:string" minOccurs="0"/>
      <xsd:element name="CityId" type="xsd:string" minOccurs="0"/>
      <xsd:element name="IdEfilialSaj" type="xsd:decimal" minOccurs="0"/>
      <xsd:element name="CenterId" type="xsd:string" minOccurs="0"/>
      <xsd:element name="RegionId" type="xsd:string" minOccurs="0"/>
      <xsd:element name="Responsible" type="xsd:string" minOccurs="0"/>
      <xsd:element name="CountyId" type="xsd:string" minOccurs="0"/>
    </xsd:sequence>
  </xsd:complexType>
  <xsd:complexType name="sendModifySajResponse">
    <xsd:sequence>
      <xsd:element name="return" type="xsd:string" minOccurs="0"/>
    </xsd:sequence>
  </xsd:complexType>
  <xsd:complexType name="sendOpportunityLocation">
    <xsd:sequence>
      <xsd:element name="SajFolio" type="xsd:decimal" minOccurs="0"/>
      <xsd:element name="OpportunityCode" type="xsd:string" minOccurs="0"/>
      <xsd:element name="AddressId" type="xsd:string" minOccurs="0"/>
      <xsd:element name="TypeRoadsId" type="xsd:string" minOccurs="0"/>
      <xsd:element name="RoadName" type="xsd:string" minOccurs="0"/>
      <xsd:element name="OutdoorNumber" type="xsd:string" minOccurs="0"/>
      <xsd:element name="InteriorNumber" type="xsd:string" minOccurs="0"/>
      <xsd:element name="BetweenStreet" type="xsd:string" minOccurs="0"/>
      <xsd:element name="AndStreet" type="xsd:string" minOccurs="0"/>
      <xsd:element name="CornerWith" type="xsd:string" minOccurs="0"/>
      <xsd:element name="Colony" type="xsd:string" minOccurs="0"/>
      <xsd:element name="PostalCode" type="xsd:decimal" minOccurs="0"/>
      <xsd:element name="MunicipalityId" type="xsd:string" minOccurs="0"/>
      <xsd:element name="CityId" type="xsd:string" minOccurs="0"/>
      <xsd:element name="StateId" type="xsd:string" minOccurs="0"/>
      <xsd:element name="TypeNegotiation" type="xsd:string" minOccurs="0"/>
      <xsd:element name="LegalRepresentative" type="xsd:string" minOccurs="0"/>
      <xsd:element name="ExpansionBuyer" type="xsd:string" minOccurs="0"/>
      <xsd:element name="ExpansionBuyerEmail" type="xsd:string" minOccurs="0"/>
      <xsd:element name="RegionalPropertyManager" type="xsd:string" minOccurs="0"/>
      <xsd:element name="RegionalPropManagerEmail" type="xsd:string" minOccurs="0"/>
      <xsd:element name="DestinationId" type="xsd:string" minOccurs="0"/>
      <xsd:element name="MainContact" type="xsd:string" minOccurs="0"/>
      <xsd:element name="MainRepresentativeId" type="xsd:string" minOccurs="0"/>
      <xsd:element name="ContractingId" type="xsd:decimal" minOccurs="0"/>
      <xsd:element name="OperatingAmount" type="xsd:string" minOccurs="0"/>
      <xsd:element name="IntegrationProject" type="xsd:decimal" minOccurs="0"/>
      <xsd:element name="RegionId" type="xsd:string" minOccurs="0"/>
    </xsd:sequence>
  </xsd:complexType>
  <xsd:complexType name="sendOpportunityLocationResponse">
    <xsd:sequence>
      <xsd:element name="return" type="xsd:string" minOccurs="0"/>
    </xsd:sequence>
  </xsd:complexType>
  <xsd:complexType name="sendPersonSearch">
    <xsd:sequence>
      <xsd:element name="PersonId" type="xsd:string" minOccurs="0"/>
    </xsd:sequence>
  </xsd:complexType>
  <xsd:complexType name="sendPersonSearchResponse">
    <xsd:sequence>
      <xsd:element name="return" type="xsd:string" minOccurs="0"/>
    </xsd:sequence>
  </xsd:complexType>
  <xsd:complexType name="sendProjectSearch">
    <xsd:sequence>
      <xsd:element name="ProgramId" type="xsd:string" minOccurs="0"/>
    </xsd:sequence>
  </xsd:complexType>
  <xsd:complexType name="sendProjectSearchResponse">
    <xsd:sequence>
      <xsd:element name="return" type="xsd:string" minOccurs="0"/>
    </xsd:sequence>
  </xsd:complexType>
  <xsd:complexType name="sendPropDestination">
    <xsd:sequence>
      <xsd:element name="PropertiesDestination" type="xsd:decimal" minOccurs="0"/>
      <xsd:element name="PropertiesDestName" type="xsd:string" minOccurs="0"/>
      <xsd:element name="Action" type="xsd:string" minOccurs="0"/>
    </xsd:sequence>
  </xsd:complexType>
  <xsd:complexType name="sendPropDestinationResponse">
    <xsd:sequence>
      <xsd:element name="return" type="xsd:string" minOccurs="0"/>
    </xsd:sequence>
  </xsd:complexType>
  <xsd:complexType name="sendResponsable">
    <xsd:sequence>
      <xsd:element name="SajFolio" type="xsd:decimal" minOccurs="0"/>
      <xsd:element name="Responsable" type="xsd:string" minOccurs="0"/>
    </xsd:sequence>
  </xsd:complexType>
  <xsd:complexType name="sendResponsableResponse">
    <xsd:sequence>
      <xsd:element name="return" type="xsd:string" minOccurs="0"/>
    </xsd:sequence>
  </xsd:complexType>
  <xsd:complexType name="sendSupplierSearch">
    <xsd:sequence>
      <xsd:element name="SupplierId" type="xsd:string" minOccurs="0"/>
    </xsd:sequence>
  </xsd:complexType>
  <xsd:complexType name="sendSupplierSearchResponse">
    <xsd:sequence>
      <xsd:element name="return" type="xsd:string" minOccurs="0"/>
    </xsd:sequence>
  </xsd:complexType>
  <xsd:complexType name="sendTypeAnnouncement">
    <xsd:sequence>
      <xsd:element name="AdType" type="xsd:decimal" minOccurs="0"/>
      <xsd:element name="AdTypeName" type="xsd:string" minOccurs="0"/>
      <xsd:element name="Action" type="xsd:string" minOccurs="0"/>
    </xsd:sequence>
  </xsd:complexType>
  <xsd:complexType name="sendTypeAnnouncementResponse">
    <xsd:sequence>
      <xsd:element name="return" type="xsd:string" minOccurs="0"/>
    </xsd:sequence>
  </xsd:complexType>
  <xsd:complexType name="ServiceException">
    <xsd:sequence>
      <xsd:element name="extraInfo" type="xsd:string" minOccurs="0"/>
      <xsd:element name="message" type="xsd:string" minOccurs="0"/>
      <xsd:element name="type" type="xsd:string" minOccurs="0"/>
    </xsd:sequence>
  </xsd:complexType>
  <xsd:element name="addFileInPackage" type="ns0:addFileInPackage"/>
  <xsd:element name="addFileInPackageResponse" type="ns0:addFileInPackageResponse"/>
  <xsd:element name="closeFolio" type="ns0:closeFolio"/>
  <xsd:element name="closeFolioResponse" type="ns0:closeFolioResponse"/>
  <xsd:element name="sendApproveOrRejectDocument" type="ns0:sendApproveOrRejectDocument"/>
  <xsd:element name="sendApproveOrRejectDocumentResponse" type="ns0:sendApproveOrRejectDocumentResponse"/>
  <xsd:element name="sendModifySaj" type="ns0:sendModifySaj"/>
  <xsd:element name="sendModifySajResponse" type="ns0:sendModifySajResponse"/>
  <xsd:element name="sendOpportunityLocation" type="ns0:sendOpportunityLocation"/>
  <xsd:element name="sendOpportunityLocationResponse" type="ns0:sendOpportunityLocationResponse"/>
  <xsd:element name="sendPersonSearch" type="ns0:sendPersonSearch"/>
  <xsd:element name="sendPersonSearchResponse" type="ns0:sendPersonSearchResponse"/>
  <xsd:element name="sendProjectSearch" type="ns0:sendProjectSearch"/>
  <xsd:element name="sendProjectSearchResponse" type="ns0:sendProjectSearchResponse"/>
  <xsd:element name="sendPropDestination" type="ns0:sendPropDestination"/>
  <xsd:element name="sendPropDestinationResponse" type="ns0:sendPropDestinationResponse"/>
  <xsd:element name="sendResponsable" type="ns0:sendResponsable"/>
  <xsd:element name="sendResponsableResponse" type="ns0:sendResponsableResponse"/>
  <xsd:element name="sendSupplierSearch" type="ns0:sendSupplierSearch"/>
  <xsd:element name="sendSupplierSearchResponse" type="ns0:sendSupplierSearchResponse"/>
  <xsd:element name="sendTypeAnnouncement" type="ns0:sendTypeAnnouncement"/>
  <xsd:element name="sendTypeAnnouncementResponse" type="ns0:sendTypeAnnouncementResponse"/>
  <xsd:element name="ServiceException" type="ns0:ServiceException"/>
  <xsd:element name="runAsIdentity" type="xsd:string" nillable="true"/>
</xsd:schema>]]></con:content><con:type>http://www.w3.org/2001/XMLSchema</con:type></con:part></con:definitionCache><con:endpoints><con:endpoint>https://ifstst.coppels1.com:57080/ifssvc/CWebServiceSajUtil</con:endpoint></con:endpoints><con:operation id="a5190c50-d7da-4d03-af10-790732d01358" isOneWay="false" action="" name="addFileInPackage" bindingOperationName="addFileInPackage" type="Request-Response" inputName="" receivesAttachments="false" sendsAttachments="false" anonymous="optional"><con:settings/><con:call id="4d65d24a-e397-40ad-a55c-ab38e12ca8ca" name="Request 1"><con:settings/><con:encoding>UTF-8</con:encoding><con:endpoint>https://ifstst.coppels1.com:57080/ifssvc/CWebServiceSajUtil</con:endpoint><con:request><![CDATA[<soapenv:Envelope xmlns:soapenv="http://schemas.xmlsoap.org/soap/envelope/" xmlns:cweb="http://cwebservicesajutil.webservices.ifsworld.com/">\r
   <soapenv:Header>\r
      <cweb:runAsIdentity>?</cweb:runAsIdentity>\r
   </soapenv:Header>\r
   <soapenv:Body>\r
      <cweb:addFileInPackage>\r
         <!--Optional:-->\r
         <SajFolioNo>?</SajFolioNo>\r
         <!--Optional:-->\r
         <SajFileName>?</SajFileName>\r
         <!--Optional:-->\r
         <SajFileType>?</SajFileType>\r
         <!--Optional:-->\r
         <SajFileClass>?</SajFileClass>\r
         <!--Optional:-->\r
         <SajFile>cid:852357504327</SajFile>\r
      </cweb:addFileInPackage>\r
   </soapenv:Body>\r
</soapenv:Envelope>]]></con:request><con:credentials><con:authType>No Authorization</con:authType></con:credentials><con:jmsConfig JMSDeliveryMode="PERSISTENT"/><con:jmsPropertyConfig/><con:wsaConfig mustUnderstand="NONE" version="200508" action="http://cwebservicesajutil.webservices.ifsworld.com/CWebServiceSajUtilService/addFileInPackageRequest"/><con:wsrmConfig version="1.2"/></con:call></con:operation><con:operation id="c31ab728-a92e-4640-9916-dfbacf71a751" isOneWay="false" action="" name="closeFolio" bindingOperationName="closeFolio" type="Request-Response" inputName="" receivesAttachments="false" sendsAttachments="false" anonymous="optional"><con:settings/><con:call id="01a0dd34-5550-4f2f-8dcc-f61d9c8707bf" name="Request 1"><con:settings/><con:encoding>UTF-8</con:encoding><con:endpoint>https://ifstst.coppels1.com:57080/ifssvc/CWebServiceSajUtil</con:endpoint><con:request><![CDATA[<soapenv:Envelope xmlns:soapenv="http://schemas.xmlsoap.org/soap/envelope/" xmlns:cweb="http://cwebservicesajutil.webservices.ifsworld.com/">\r
   <soapenv:Header>\r
      <cweb:runAsIdentity>?</cweb:runAsIdentity>\r
   </soapenv:Header>\r
   <soapenv:Body>\r
      <cweb:closeFolio>\r
         <!--Optional:-->\r
         <SajFolioNo>?</SajFolioNo>\r
         <!--Optional:-->\r
         <ClaspType>?</ClaspType>\r
         <!--Optional:-->\r
         <DeadLine>?</DeadLine>\r
         <!--Optional:-->\r
         <ClosingForm>?</ClosingForm>\r
      </cweb:closeFolio>\r
   </soapenv:Body>\r
</soapenv:Envelope>]]></con:request><con:credentials><con:authType>No Authorization</con:authType></con:credentials><con:jmsConfig JMSDeliveryMode="PERSISTENT"/><con:jmsPropertyConfig/><con:wsaConfig mustUnderstand="NONE" version="200508" action="http://cwebservicesajutil.webservices.ifsworld.com/CWebServiceSajUtilService/closeFolioRequest"/><con:wsrmConfig version="1.2"/></con:call></con:operation><con:operation id="e7f5b089-95be-422e-b0e9-57250a8b9d37" isOneWay="false" action="" name="sendApproveOrRejectDocument" bindingOperationName="sendApproveOrRejectDocument" type="Request-Response" inputName="" receivesAttachments="false" sendsAttachments="false" anonymous="optional"><con:settings/><con:call id="a1996dc4-6977-4b41-b124-e5d50000b3c8" name="Request 1"><con:settings/><con:encoding>UTF-8</con:encoding><con:endpoint>https://ifstst.coppels1.com:57080/ifssvc/CWebServiceSajUtil</con:endpoint><con:request><![CDATA[<soapenv:Envelope xmlns:soapenv="http://schemas.xmlsoap.org/soap/envelope/" xmlns:cweb="http://cwebservicesajutil.webservices.ifsworld.com/">\r
   <soapenv:Header>\r
      <cweb:runAsIdentity>?</cweb:runAsIdentity>\r
   </soapenv:Header>\r
   <soapenv:Body>\r
      <cweb:sendApproveOrRejectDocument>\r
         <!--Optional:-->\r
         <StepNo>?</StepNo>\r
         <!--Optional:-->\r
         <SajFolio>?</SajFolio>\r
         <!--Optional:-->\r
         <SucessSaj>?</SucessSaj>\r
         <!--Optional:-->\r
         <PersonId>?</PersonId>\r
         <!--Optional:-->\r
         <ApprovalStatus>?</ApprovalStatus>\r
         <!--Optional:-->\r
         <Note>?</Note>\r
      </cweb:sendApproveOrRejectDocument>\r
   </soapenv:Body>\r
</soapenv:Envelope>]]></con:request><con:credentials><con:authType>No Authorization</con:authType></con:credentials><con:jmsConfig JMSDeliveryMode="PERSISTENT"/><con:jmsPropertyConfig/><con:wsaConfig mustUnderstand="NONE" version="200508" action="http://cwebservicesajutil.webservices.ifsworld.com/CWebServiceSajUtilService/sendApproveOrRejectDocumentRequest"/><con:wsrmConfig version="1.2"/></con:call></con:operation><con:operation id="ed8df201-a398-4719-aa7b-27ee4d7e92f7" isOneWay="false" action="" name="sendModifySaj" bindingOperationName="sendModifySaj" type="Request-Response" inputName="" receivesAttachments="false" sendsAttachments="false" anonymous="optional"><con:settings/><con:call id="9a92c822-2385-4ed0-aa47-d483ec7ce94c" name="Request 1"><con:settings><con:setting id="com.eviware.soapui.impl.wsdl.WsdlRequest@request-headers">&lt;xml-fragment/></con:setting></con:settings><con:encoding>UTF-8</con:encoding><con:endpoint>https://ifstst.coppels1.com:57080/ifssvc/CWebServiceSajUtil</con:endpoint><con:request><![CDATA[<soapenv:Envelope xmlns:soapenv="http://schemas.xmlsoap.org/soap/envelope/" xmlns:cweb="http://cwebservicesajutil.webservices.ifsworld.com/">\r
   <soapenv:Header>\r
      <cweb:runAsIdentity></cweb:runAsIdentity>\r
   </soapenv:Header>\r
   <soapenv:Body>\r
      <cweb:sendModifySaj>\r
         <!--Optional:-->\r
         <SajFolio>?</SajFolio>\r
         <!--Optional:-->\r
         <StateId>?</StateId>\r
         <!--Optional:-->\r
         <CityId>?</CityId>\r
         <!--Optional:-->\r
         <IdEfilialSaj>?</IdEfilialSaj>\r
         <!--Optional:-->\r
         <CenterId>?</CenterId>\r
         <!--Optional:-->\r
         <RegionId>?</RegionId>\r
         <!--Optional:-->\r
         <Responsible>?</Responsible>\r
         <!--Optional:-->\r
         <CountyId>?</CountyId>\r
      </cweb:sendModifySaj>\r
   </soapenv:Body>\r
</soapenv:Envelope>]]></con:request><con:credentials><con:username>90327179</con:username><con:password>Coppel1_Desarrollotst</con:password><con:authType>No Authorization</con:authType></con:credentials><con:jmsConfig JMSDeliveryMode="PERSISTENT"/><con:jmsPropertyConfig/><con:wsaConfig mustUnderstand="NONE" version="200508" action="http://cwebservicesajutil.webservices.ifsworld.com/CWebServiceSajUtilService/sendModifySajRequest"/><con:wsrmConfig version="1.2"/></con:call></con:operation><con:operation id="09a98e58-fd40-4b78-a0c3-35c4f53bf725" isOneWay="false" action="" name="sendOpportunityLocation" bindingOperationName="sendOpportunityLocation" type="Request-Response" inputName="" receivesAttachments="false" sendsAttachments="false" anonymous="optional"><con:settings/><con:call id="8cecc06b-e989-4ae3-b39f-3d7126638273" name="Request 1"><con:settings/><con:encoding>UTF-8</con:encoding><con:endpoint>https://ifstst.coppels1.com:57080/ifssvc/CWebServiceSajUtil</con:endpoint><con:request><![CDATA[<soapenv:Envelope xmlns:soapenv="http://schemas.xmlsoap.org/soap/envelope/" xmlns:cweb="http://cwebservicesajutil.webservices.ifsworld.com/">\r
   <soapenv:Header>\r
      <cweb:runAsIdentity>?</cweb:runAsIdentity>\r
   </soapenv:Header>\r
   <soapenv:Body>\r
      <cweb:sendOpportunityLocation>\r
         <!--Optional:-->\r
         <SajFolio>?</SajFolio>\r
         <!--Optional:-->\r
         <OpportunityCode>?</OpportunityCode>\r
         <!--Optional:-->\r
         <AddressId>?</AddressId>\r
         <!--Optional:-->\r
         <TypeRoadsId>?</TypeRoadsId>\r
         <!--Optional:-->\r
         <RoadName>?</RoadName>\r
         <!--Optional:-->\r
         <OutdoorNumber>?</OutdoorNumber>\r
         <!--Optional:-->\r
         <InteriorNumber>?</InteriorNumber>\r
         <!--Optional:-->\r
         <BetweenStreet>?</BetweenStreet>\r
         <!--Optional:-->\r
         <AndStreet>?</AndStreet>\r
         <!--Optional:-->\r
         <CornerWith>?</CornerWith>\r
         <!--Optional:-->\r
         <Colony>?</Colony>\r
         <!--Optional:-->\r
         <PostalCode>?</PostalCode>\r
         <!--Optional:-->\r
         <MunicipalityId>?</MunicipalityId>\r
         <!--Optional:-->\r
         <CityId>?</CityId>\r
         <!--Optional:-->\r
         <StateId>?</StateId>\r
         <!--Optional:-->\r
         <TypeNegotiation>?</TypeNegotiation>\r
         <!--Optional:-->\r
         <LegalRepresentative>?</LegalRepresentative>\r
         <!--Optional:-->\r
         <ExpansionBuyer>?</ExpansionBuyer>\r
         <!--Optional:-->\r
         <ExpansionBuyerEmail>?</ExpansionBuyerEmail>\r
         <!--Optional:-->\r
         <RegionalPropertyManager>?</RegionalPropertyManager>\r
         <!--Optional:-->\r
         <RegionalPropManagerEmail>?</RegionalPropManagerEmail>\r
         <!--Optional:-->\r
         <DestinationId>?</DestinationId>\r
         <!--Optional:-->\r
         <MainContact>?</MainContact>\r
         <!--Optional:-->\r
         <MainRepresentativeId>?</MainRepresentativeId>\r
         <!--Optional:-->\r
         <ContractingId>?</ContractingId>\r
         <!--Optional:-->\r
         <OperatingAmount>?</OperatingAmount>\r
         <!--Optional:-->\r
         <IntegrationProject>?</IntegrationProject>\r
         <!--Optional:-->\r
         <RegionId>?</RegionId>\r
      </cweb:sendOpportunityLocation>\r
   </soapenv:Body>\r
</soapenv:Envelope>]]></con:request><con:credentials><con:authType>No Authorization</con:authType></con:credentials><con:jmsConfig JMSDeliveryMode="PERSISTENT"/><con:jmsPropertyConfig/><con:wsaConfig mustUnderstand="NONE" version="200508" action="http://cwebservicesajutil.webservices.ifsworld.com/CWebServiceSajUtilService/sendOpportunityLocationRequest"/><con:wsrmConfig version="1.2"/></con:call></con:operation><con:operation id="9725c40d-7442-409f-b89e-2b1079b0875c" isOneWay="false" action="" name="sendPersonSearch" bindingOperationName="sendPersonSearch" type="Request-Response" inputName="" receivesAttachments="false" sendsAttachments="false" anonymous="optional"><con:settings/><con:call id="37de3dc1-74c6-4f2f-b795-92b6690b3898" name="Request 1"><con:settings/><con:encoding>UTF-8</con:encoding><con:endpoint>https://ifstst.coppels1.com:57080/ifssvc/CWebServiceSajUtil</con:endpoint><con:request><![CDATA[<soapenv:Envelope xmlns:soapenv="http://schemas.xmlsoap.org/soap/envelope/" xmlns:cweb="http://cwebservicesajutil.webservices.ifsworld.com/">\r
   <soapenv:Header>\r
      <cweb:runAsIdentity>?</cweb:runAsIdentity>\r
   </soapenv:Header>\r
   <soapenv:Body>\r
      <cweb:sendPersonSearch>\r
         <!--Optional:-->\r
         <PersonId>?</PersonId>\r
      </cweb:sendPersonSearch>\r
   </soapenv:Body>\r
</soapenv:Envelope>]]></con:request><con:credentials><con:authType>No Authorization</con:authType></con:credentials><con:jmsConfig JMSDeliveryMode="PERSISTENT"/><con:jmsPropertyConfig/><con:wsaConfig mustUnderstand="NONE" version="200508" action="http://cwebservicesajutil.webservices.ifsworld.com/CWebServiceSajUtilService/sendPersonSearchRequest"/><con:wsrmConfig version="1.2"/></con:call></con:operation><con:operation id="407ce7a4-f3b1-4401-bf1c-2dfe28d106be" isOneWay="false" action="" name="sendProjectSearch" bindingOperationName="sendProjectSearch" type="Request-Response" inputName="" receivesAttachments="false" sendsAttachments="false" anonymous="optional"><con:settings/><con:call id="bb8290f3-9b3b-4b9e-ad35-38401f0384ca" name="Request 1"><con:settings><con:setting id="com.eviware.soapui.impl.wsdl.WsdlRequest@request-headers">&lt;xml-fragment/></con:setting></con:settings><con:encoding>UTF-8</con:encoding><con:endpoint>https://ifstst.coppels1.com:57080/ifssvc/CWebServiceSajUtil</con:endpoint><con:request><![CDATA[<soapenv:Envelope xmlns:soapenv="http://schemas.xmlsoap.org/soap/envelope/" xmlns:cweb="http://cwebservicesajutil.webservices.ifsworld.com/">\r
   <soapenv:Header>\r
      <cweb:runAsIdentity>?</cweb:runAsIdentity>\r
   </soapenv:Header>\r
   <soapenv:Body>\r
      <cweb:sendProjectSearch>\r
         <!--Optional:-->\r
         <ProgramId>1</ProgramId>\r
      </cweb:sendProjectSearch>\r
   </soapenv:Body>\r
</soapenv:Envelope>]]></con:request><con:credentials><con:username>90327179</con:username><con:password>Coppel1_Desarrollotst</con:password><con:authType>No Authorization</con:authType></con:credentials><con:jmsConfig JMSDeliveryMode="PERSISTENT"/><con:jmsPropertyConfig/><con:wsaConfig mustUnderstand="NONE" version="200508" action="http://cwebservicesajutil.webservices.ifsworld.com/CWebServiceSajUtilService/sendProjectSearchRequest"/><con:wsrmConfig version="1.2"/></con:call></con:operation><con:operation id="7ab98a1f-ebd3-4043-9982-0b0e4ad6cb17" isOneWay="false" action="" name="sendPropDestination" bindingOperationName="sendPropDestination" type="Request-Response" inputName="" receivesAttachments="false" sendsAttachments="false" anonymous="optional"><con:settings/><con:call id="4abf99e7-c103-40c4-aa61-8a5b9c2eecc9" name="Request 1"><con:settings/><con:encoding>UTF-8</con:encoding><con:endpoint>https://ifstst.coppels1.com:57080/ifssvc/CWebServiceSajUtil</con:endpoint><con:request><![CDATA[<soapenv:Envelope xmlns:soapenv="http://schemas.xmlsoap.org/soap/envelope/" xmlns:cweb="http://cwebservicesajutil.webservices.ifsworld.com/">\r
   <soapenv:Header>\r
      <cweb:runAsIdentity>?</cweb:runAsIdentity>\r
   </soapenv:Header>\r
   <soapenv:Body>\r
      <cweb:sendPropDestination>\r
         <!--Optional:-->\r
         <PropertiesDestination>?</PropertiesDestination>\r
         <!--Optional:-->\r
         <PropertiesDestName>?</PropertiesDestName>\r
         <!--Optional:-->\r
         <Action>?</Action>\r
      </cweb:sendPropDestination>\r
   </soapenv:Body>\r
</soapenv:Envelope>]]></con:request><con:credentials><con:authType>No Authorization</con:authType></con:credentials><con:jmsConfig JMSDeliveryMode="PERSISTENT"/><con:jmsPropertyConfig/><con:wsaConfig mustUnderstand="NONE" version="200508" action="http://cwebservicesajutil.webservices.ifsworld.com/CWebServiceSajUtilService/sendPropDestinationRequest"/><con:wsrmConfig version="1.2"/></con:call></con:operation><con:operation id="a41d71d9-14a2-4a6c-a1c9-867fd1dbd65c" isOneWay="false" action="" name="sendResponsable" bindingOperationName="sendResponsable" type="Request-Response" inputName="" receivesAttachments="false" sendsAttachments="false" anonymous="optional"><con:settings/><con:call id="430c74f4-a6cd-4401-bb8c-b7f38534be29" name="Request 1"><con:settings/><con:encoding>UTF-8</con:encoding><con:endpoint>https://ifstst.coppels1.com:57080/ifssvc/CWebServiceSajUtil</con:endpoint><con:request><![CDATA[<soapenv:Envelope xmlns:soapenv="http://schemas.xmlsoap.org/soap/envelope/" xmlns:cweb="http://cwebservicesajutil.webservices.ifsworld.com/">\r
   <soapenv:Header>\r
      <cweb:runAsIdentity>?</cweb:runAsIdentity>\r
   </soapenv:Header>\r
   <soapenv:Body>\r
      <cweb:sendResponsable>\r
         <!--Optional:-->\r
         <SajFolio>?</SajFolio>\r
         <!--Optional:-->\r
         <Responsable>?</Responsable>\r
      </cweb:sendResponsable>\r
   </soapenv:Body>\r
</soapenv:Envelope>]]></con:request><con:credentials><con:authType>No Authorization</con:authType></con:credentials><con:jmsConfig JMSDeliveryMode="PERSISTENT"/><con:jmsPropertyConfig/><con:wsaConfig mustUnderstand="NONE" version="200508" action="http://cwebservicesajutil.webservices.ifsworld.com/CWebServiceSajUtilService/sendResponsableRequest"/><con:wsrmConfig version="1.2"/></con:call></con:operation><con:operation id="34cbf21c-dede-4a25-a1e7-22d245b34251" isOneWay="false" action="" name="sendSupplierSearch" bindingOperationName="sendSupplierSearch" type="Request-Response" inputName="" receivesAttachments="false" sendsAttachments="false" anonymous="optional"><con:settings/><con:call id="b7203e13-7ff8-4751-89b0-63fe5022cd63" name="Request 1"><con:settings/><con:encoding>UTF-8</con:encoding><con:endpoint>https://ifstst.coppels1.com:57080/ifssvc/CWebServiceSajUtil</con:endpoint><con:request><![CDATA[<soapenv:Envelope xmlns:soapenv="http://schemas.xmlsoap.org/soap/envelope/" xmlns:cweb="http://cwebservicesajutil.webservices.ifsworld.com/">\r
   <soapenv:Header>\r
      <cweb:runAsIdentity>?</cweb:runAsIdentity>\r
   </soapenv:Header>\r
   <soapenv:Body>\r
      <cweb:sendSupplierSearch>\r
         <!--Optional:-->\r
         <SupplierId>?</SupplierId>\r
      </cweb:sendSupplierSearch>\r
   </soapenv:Body>\r
</soapenv:Envelope>]]></con:request><con:credentials><con:authType>No Authorization</con:authType></con:credentials><con:jmsConfig JMSDeliveryMode="PERSISTENT"/><con:jmsPropertyConfig/><con:wsaConfig mustUnderstand="NONE" version="200508" action="http://cwebservicesajutil.webservices.ifsworld.com/CWebServiceSajUtilService/sendSupplierSearchRequest"/><con:wsrmConfig version="1.2"/></con:call></con:operation><con:operation id="693e1456-5ff5-4f1b-b27f-b646dc6202fd" isOneWay="false" action="" name="sendTypeAnnouncement" bindingOperationName="sendTypeAnnouncement" type="Request-Response" inputName="" receivesAttachments="false" sendsAttachments="false" anonymous="optional"><con:settings/><con:call id="532c1360-8967-4488-bf3e-0d0f730ad7ab" name="Request 1"><con:settings/><con:encoding>UTF-8</con:encoding><con:endpoint>https://ifstst.coppels1.com:57080/ifssvc/CWebServiceSajUtil</con:endpoint><con:request><![CDATA[<soapenv:Envelope xmlns:soapenv="http://schemas.xmlsoap.org/soap/envelope/" xmlns:cweb="http://cwebservicesajutil.webservices.ifsworld.com/">\r
   <soapenv:Header>\r
      <cweb:runAsIdentity>?</cweb:runAsIdentity>\r
   </soapenv:Header>\r
   <soapenv:Body>\r
      <cweb:sendTypeAnnouncement>\r
         <!--Optional:-->\r
         <AdType>?</AdType>\r
         <!--Optional:-->\r
         <AdTypeName>?</AdTypeName>\r
         <!--Optional:-->\r
         <Action>?</Action>\r
      </cweb:sendTypeAnnouncement>\r
   </soapenv:Body>\r
</soapenv:Envelope>]]></con:request><con:wsaConfig mustUnderstand="NONE" version="200508" action="http://cwebservicesajutil.webservices.ifsworld.com/CWebServiceSajUtilService/sendTypeAnnouncementRequest"/></con:call></con:operation></con:interface><con:properties/><con:wssContainer/><con:oAuth2ProfileContainer/><con:oAuth1ProfileContainer/></con:soapui-project>