<?xml version="1.0" encoding="UTF-8"?>
<con:soapui-project id="3bc3c81e-7300-475a-bb9e-c5a7b5983529" activeEnvironment="Default" name="IFS22022023" resourceRoot="" soapui-version="5.6.0" abortOnError="false" runType="SEQUENTIAL" xmlns:con="http://eviware.com/soapui/config"><con:settings/><con:interface xsi:type="con:WsdlInterface" id="371d66e1-68af-4113-aa21-a1d2d2d86b3b" wsaVersion="NONE" name="CWebServiceSajUtilServicePortBinding" type="wsdl" bindingName="{http://cwebservicesajutil.webservices.ifsworld.com/}CWebServiceSajUtilServicePortBinding" soapVersion="1_1" anonymous="optional" definition="https://ifstst.coppels1.com:57080/ifssvc/CWebServiceSajUtil?wsdl" xmlns:xsi="http://www.w3.org/2001/XMLSchema-instance"><con:settings><con:setting id="com.eviware.soapui.impl.wsdl.actions.iface.tools.wsimport.WSImportAction@values-local"><![CDATA[<xml-fragment xmlns:con="http://eviware.com/soapui/config">
  <con:entry key="wsdlLocation" value=""/>
  <con:entry key="Use cached WSDL" value="false"/>
  <con:entry key="Keep" value="false"/>
  <con:entry key="Source Directory" value=""/>
  <con:entry key="Package" value="com.saj.test"/>
  <con:entry key="Binding files" value=""/>
  <con:entry key="WSDL" value="https://ifstst.coppels1.com:57080/ifssvc/CWebServiceSajUtil?wsdl"/>
  <con:entry key="Target Directory" value="C:\tempo23"/>
  <con:entry key="Tool Args" value=""/>
  <con:entry key="Catalog" value=""/>
  <con:entry key="HTTP Proxy" value=""/>
</xml-fragment>]]></con:setting></con:settings><con:definitionCache type="TEXT" rootPart="https://ifstst.coppels1.com:57080/ifssvc/CWebServiceSajUtil?wsdl"><con:part><con:url>https://ifstst.coppels1.com:57080/ifssvc/CWebServiceSajUtil?wsdl</con:url><con:content><![CDATA[<!--Published by JAX-WS RI (http://jax-ws.java.net). RI's version is JAX-WS RI 2.3.0-b170407.2038 svn-revision#2eaca54d17a59d265c6fe886b7fd0027836c766c.-->
<!--Generated by JAX-WS RI (http://jax-ws.java.net). RI's version is JAX-WS RI 2.3.0-b170407.2038 svn-revision#2eaca54d17a59d265c6fe886b7fd0027836c766c.-->
<definitions targetNamespace="http://cwebservicesajutil.webservices.ifsworld.com/" name="CWebServiceSajUtil" xmlns:wsu="http://docs.oasis-open.org/wss/2004/01/oasis-200401-wss-wssecurity-utility-1.0.xsd" xmlns:wsp="http://www.w3.org/ns/ws-policy" xmlns:wsp1_2="http://schemas.xmlsoap.org/ws/2004/09/policy" xmlns:wsam="http://www.w3.org/2007/05/addressing/metadata" xmlns:soap="http://schemas.xmlsoap.org/wsdl/soap/" xmlns:tns="http://cwebservicesajutil.webservices.ifsworld.com/" xmlns:xsd="http://www.w3.org/2001/XMLSchema" xmlns="http://schemas.xmlsoap.org/wsdl/">
  <types>
    <xsd:schema>
      <xsd:import namespace="http://cwebservicesajutil.webservices.ifsworld.com/" schemaLocation="https://ifstst.coppels1.com:57080/ifssvc/CWebServiceSajUtil?xsd=1"/>
    </xsd:schema>
  </types>
  <message name="sendTypeAnnouncement">
    <part name="parameters" element="tns:sendTypeAnnouncement"/>
    <part name="runAsIdentity" element="tns:runAsIdentity"/>
  </message>
  <message name="sendTypeAnnouncementResponse">
    <part name="result" element="tns:sendTypeAnnouncementResponse"/>
  </message>
  <message name="ServiceException">
    <part name="fault" element="tns:ServiceException"/>
  </message>
  <message name="sendProjectSearch">
    <part name="parameters" element="tns:sendProjectSearch"/>
    <part name="runAsIdentity" element="tns:runAsIdentity"/>
  </message>
  <message name="sendProjectSearchResponse">
    <part name="result" element="tns:sendProjectSearchResponse"/>
  </message>
  <message name="sendOpportunityLocation">
    <part name="parameters" element="tns:sendOpportunityLocation"/>
    <part name="runAsIdentity" element="tns:runAsIdentity"/>
  </message>
  <message name="sendOpportunityLocationResponse">
    <part name="result" element="tns:sendOpportunityLocationResponse"/>
  </message>
  <message name="sendApproveOrRejectDocument2">
    <part name="parameters" element="tns:sendApproveOrRejectDocument2"/>
    <part name="runAsIdentity" element="tns:runAsIdentity"/>
  </message>
  <message name="sendApproveOrRejectDocument2Response">
    <part name="result" element="tns:sendApproveOrRejectDocument2Response"/>
  </message>
  <message name="sendSupplierSearch">
    <part name="parameters" element="tns:sendSupplierSearch"/>
    <part name="runAsIdentity" element="tns:runAsIdentity"/>
  </message>
  <message name="sendSupplierSearchResponse">
    <part name="result" element="tns:sendSupplierSearchResponse"/>
  </message>
  <message name="sendApproveOrRejectDocument">
    <part name="parameters" element="tns:sendApproveOrRejectDocument"/>
    <part name="runAsIdentity" element="tns:runAsIdentity"/>
  </message>
  <message name="sendApproveOrRejectDocumentResponse">
    <part name="result" element="tns:sendApproveOrRejectDocumentResponse"/>
  </message>
  <message name="sendPropDestination">
    <part name="parameters" element="tns:sendPropDestination"/>
    <part name="runAsIdentity" element="tns:runAsIdentity"/>
  </message>
  <message name="sendPropDestinationResponse">
    <part name="result" element="tns:sendPropDestinationResponse"/>
  </message>
  <message name="closeFolio">
    <part name="parameters" element="tns:closeFolio"/>
    <part name="runAsIdentity" element="tns:runAsIdentity"/>
  </message>
  <message name="closeFolioResponse">
    <part name="result" element="tns:closeFolioResponse"/>
  </message>
  <message name="addFileInPackage">
    <part name="parameters" element="tns:addFileInPackage"/>
    <part name="runAsIdentity" element="tns:runAsIdentity"/>
  </message>
  <message name="addFileInPackageResponse">
    <part name="result" element="tns:addFileInPackageResponse"/>
  </message>
  <message name="sendFolio">
    <part name="parameters" element="tns:sendFolio"/>
    <part name="runAsIdentity" element="tns:runAsIdentity"/>
  </message>
  <message name="sendFolioResponse">
    <part name="result" element="tns:sendFolioResponse"/>
  </message>
  <message name="sendPersonSearch">
    <part name="parameters" element="tns:sendPersonSearch"/>
    <part name="runAsIdentity" element="tns:runAsIdentity"/>
  </message>
  <message name="sendPersonSearchResponse">
    <part name="result" element="tns:sendPersonSearchResponse"/>
  </message>
  <message name="sendAddress">
    <part name="parameters" element="tns:sendAddress"/>
    <part name="runAsIdentity" element="tns:runAsIdentity"/>
  </message>
  <message name="sendAddressResponse">
    <part name="result" element="tns:sendAddressResponse"/>
  </message>
  <message name="sendModifySaj">
    <part name="parameters" element="tns:sendModifySaj"/>
    <part name="runAsIdentity" element="tns:runAsIdentity"/>
  </message>
  <message name="sendModifySajResponse">
    <part name="result" element="tns:sendModifySajResponse"/>
  </message>
  <message name="sendResponsable">
    <part name="parameters" element="tns:sendResponsable"/>
    <part name="runAsIdentity" element="tns:runAsIdentity"/>
  </message>
  <message name="sendResponsableResponse">
    <part name="result" element="tns:sendResponsableResponse"/>
  </message>
  <portType name="CWebServiceSajUtilService">
    <operation name="sendTypeAnnouncement" parameterOrder="parameters runAsIdentity">
      <input wsam:Action="http://cwebservicesajutil.webservices.ifsworld.com/CWebServiceSajUtilService/sendTypeAnnouncementRequest" message="tns:sendTypeAnnouncement"/>
      <output wsam:Action="http://cwebservicesajutil.webservices.ifsworld.com/CWebServiceSajUtilService/sendTypeAnnouncementResponse" message="tns:sendTypeAnnouncementResponse"/>
      <fault message="tns:ServiceException" name="ServiceException" wsam:Action="http://cwebservicesajutil.webservices.ifsworld.com/CWebServiceSajUtilService/sendTypeAnnouncement/Fault/ServiceException"/>
    </operation>
    <operation name="sendProjectSearch" parameterOrder="parameters runAsIdentity">
      <input wsam:Action="http://cwebservicesajutil.webservices.ifsworld.com/CWebServiceSajUtilService/sendProjectSearchRequest" message="tns:sendProjectSearch"/>
      <output wsam:Action="http://cwebservicesajutil.webservices.ifsworld.com/CWebServiceSajUtilService/sendProjectSearchResponse" message="tns:sendProjectSearchResponse"/>
      <fault message="tns:ServiceException" name="ServiceException" wsam:Action="http://cwebservicesajutil.webservices.ifsworld.com/CWebServiceSajUtilService/sendProjectSearch/Fault/ServiceException"/>
    </operation>
    <operation name="sendOpportunityLocation" parameterOrder="parameters runAsIdentity">
      <input wsam:Action="http://cwebservicesajutil.webservices.ifsworld.com/CWebServiceSajUtilService/sendOpportunityLocationRequest" message="tns:sendOpportunityLocation"/>
      <output wsam:Action="http://cwebservicesajutil.webservices.ifsworld.com/CWebServiceSajUtilService/sendOpportunityLocationResponse" message="tns:sendOpportunityLocationResponse"/>
      <fault message="tns:ServiceException" name="ServiceException" wsam:Action="http://cwebservicesajutil.webservices.ifsworld.com/CWebServiceSajUtilService/sendOpportunityLocation/Fault/ServiceException"/>
    </operation>
    <operation name="sendApproveOrRejectDocument2" parameterOrder="parameters runAsIdentity">
      <input wsam:Action="http://cwebservicesajutil.webservices.ifsworld.com/CWebServiceSajUtilService/sendApproveOrRejectDocument2Request" message="tns:sendApproveOrRejectDocument2"/>
      <output wsam:Action="http://cwebservicesajutil.webservices.ifsworld.com/CWebServiceSajUtilService/sendApproveOrRejectDocument2Response" message="tns:sendApproveOrRejectDocument2Response"/>
      <fault message="tns:ServiceException" name="ServiceException" wsam:Action="http://cwebservicesajutil.webservices.ifsworld.com/CWebServiceSajUtilService/sendApproveOrRejectDocument2/Fault/ServiceException"/>
    </operation>
    <operation name="sendSupplierSearch" parameterOrder="parameters runAsIdentity">
      <input wsam:Action="http://cwebservicesajutil.webservices.ifsworld.com/CWebServiceSajUtilService/sendSupplierSearchRequest" message="tns:sendSupplierSearch"/>
      <output wsam:Action="http://cwebservicesajutil.webservices.ifsworld.com/CWebServiceSajUtilService/sendSupplierSearchResponse" message="tns:sendSupplierSearchResponse"/>
      <fault message="tns:ServiceException" name="ServiceException" wsam:Action="http://cwebservicesajutil.webservices.ifsworld.com/CWebServiceSajUtilService/sendSupplierSearch/Fault/ServiceException"/>
    </operation>
    <operation name="sendApproveOrRejectDocument" parameterOrder="parameters runAsIdentity">
      <input wsam:Action="http://cwebservicesajutil.webservices.ifsworld.com/CWebServiceSajUtilService/sendApproveOrRejectDocumentRequest" message="tns:sendApproveOrRejectDocument"/>
      <output wsam:Action="http://cwebservicesajutil.webservices.ifsworld.com/CWebServiceSajUtilService/sendApproveOrRejectDocumentResponse" message="tns:sendApproveOrRejectDocumentResponse"/>
      <fault message="tns:ServiceException" name="ServiceException" wsam:Action="http://cwebservicesajutil.webservices.ifsworld.com/CWebServiceSajUtilService/sendApproveOrRejectDocument/Fault/ServiceException"/>
    </operation>
    <operation name="sendPropDestination" parameterOrder="parameters runAsIdentity">
      <input wsam:Action="http://cwebservicesajutil.webservices.ifsworld.com/CWebServiceSajUtilService/sendPropDestinationRequest" message="tns:sendPropDestination"/>
      <output wsam:Action="http://cwebservicesajutil.webservices.ifsworld.com/CWebServiceSajUtilService/sendPropDestinationResponse" message="tns:sendPropDestinationResponse"/>
      <fault message="tns:ServiceException" name="ServiceException" wsam:Action="http://cwebservicesajutil.webservices.ifsworld.com/CWebServiceSajUtilService/sendPropDestination/Fault/ServiceException"/>
    </operation>
    <operation name="closeFolio" parameterOrder="parameters runAsIdentity">
      <input wsam:Action="http://cwebservicesajutil.webservices.ifsworld.com/CWebServiceSajUtilService/closeFolioRequest" message="tns:closeFolio"/>
      <output wsam:Action="http://cwebservicesajutil.webservices.ifsworld.com/CWebServiceSajUtilService/closeFolioResponse" message="tns:closeFolioResponse"/>
      <fault message="tns:ServiceException" name="ServiceException" wsam:Action="http://cwebservicesajutil.webservices.ifsworld.com/CWebServiceSajUtilService/closeFolio/Fault/ServiceException"/>
    </operation>
    <operation name="addFileInPackage" parameterOrder="parameters runAsIdentity">
      <input wsam:Action="http://cwebservicesajutil.webservices.ifsworld.com/CWebServiceSajUtilService/addFileInPackageRequest" message="tns:addFileInPackage"/>
      <output wsam:Action="http://cwebservicesajutil.webservices.ifsworld.com/CWebServiceSajUtilService/addFileInPackageResponse" message="tns:addFileInPackageResponse"/>
      <fault message="tns:ServiceException" name="ServiceException" wsam:Action="http://cwebservicesajutil.webservices.ifsworld.com/CWebServiceSajUtilService/addFileInPackage/Fault/ServiceException"/>
    </operation>
    <operation name="sendFolio" parameterOrder="parameters runAsIdentity">
      <input wsam:Action="http://cwebservicesajutil.webservices.ifsworld.com/CWebServiceSajUtilService/sendFolioRequest" message="tns:sendFolio"/>
      <output wsam:Action="http://cwebservicesajutil.webservices.ifsworld.com/CWebServiceSajUtilService/sendFolioResponse" message="tns:sendFolioResponse"/>
      <fault message="tns:ServiceException" name="ServiceException" wsam:Action="http://cwebservicesajutil.webservices.ifsworld.com/CWebServiceSajUtilService/sendFolio/Fault/ServiceException"/>
    </operation>
    <operation name="sendPersonSearch" parameterOrder="parameters runAsIdentity">
      <input wsam:Action="http://cwebservicesajutil.webservices.ifsworld.com/CWebServiceSajUtilService/sendPersonSearchRequest" message="tns:sendPersonSearch"/>
      <output wsam:Action="http://cwebservicesajutil.webservices.ifsworld.com/CWebServiceSajUtilService/sendPersonSearchResponse" message="tns:sendPersonSearchResponse"/>
      <fault message="tns:ServiceException" name="ServiceException" wsam:Action="http://cwebservicesajutil.webservices.ifsworld.com/CWebServiceSajUtilService/sendPersonSearch/Fault/ServiceException"/>
    </operation>
    <operation name="sendAddress" parameterOrder="parameters runAsIdentity">
      <input wsam:Action="http://cwebservicesajutil.webservices.ifsworld.com/CWebServiceSajUtilService/sendAddressRequest" message="tns:sendAddress"/>
      <output wsam:Action="http://cwebservicesajutil.webservices.ifsworld.com/CWebServiceSajUtilService/sendAddressResponse" message="tns:sendAddressResponse"/>
      <fault message="tns:ServiceException" name="ServiceException" wsam:Action="http://cwebservicesajutil.webservices.ifsworld.com/CWebServiceSajUtilService/sendAddress/Fault/ServiceException"/>
    </operation>
    <operation name="sendModifySaj" parameterOrder="parameters runAsIdentity">
      <input wsam:Action="http://cwebservicesajutil.webservices.ifsworld.com/CWebServiceSajUtilService/sendModifySajRequest" message="tns:sendModifySaj"/>
      <output wsam:Action="http://cwebservicesajutil.webservices.ifsworld.com/CWebServiceSajUtilService/sendModifySajResponse" message="tns:sendModifySajResponse"/>
      <fault message="tns:ServiceException" name="ServiceException" wsam:Action="http://cwebservicesajutil.webservices.ifsworld.com/CWebServiceSajUtilService/sendModifySaj/Fault/ServiceException"/>
    </operation>
    <operation name="sendResponsable" parameterOrder="parameters runAsIdentity">
      <input wsam:Action="http://cwebservicesajutil.webservices.ifsworld.com/CWebServiceSajUtilService/sendResponsableRequest" message="tns:sendResponsable"/>
      <output wsam:Action="http://cwebservicesajutil.webservices.ifsworld.com/CWebServiceSajUtilService/sendResponsableResponse" message="tns:sendResponsableResponse"/>
      <fault message="tns:ServiceException" name="ServiceException" wsam:Action="http://cwebservicesajutil.webservices.ifsworld.com/CWebServiceSajUtilService/sendResponsable/Fault/ServiceException"/>
    </operation>
  </portType>
  <binding name="CWebServiceSajUtilServicePortBinding" type="tns:CWebServiceSajUtilService">
    <soap:binding transport="http://schemas.xmlsoap.org/soap/http" style="document"/>
    <operation name="sendTypeAnnouncement">
      <soap:operation soapAction=""/>
      <input>
        <soap:body use="literal" parts="parameters"/>
        <soap:header message="tns:sendTypeAnnouncement" part="runAsIdentity" use="literal"/>
      </input>
      <output>
        <soap:body use="literal"/>
      </output>
      <fault name="ServiceException">
        <soap:fault name="ServiceException" use="literal"/>
      </fault>
    </operation>
    <operation name="sendProjectSearch">
      <soap:operation soapAction=""/>
      <input>
        <soap:body use="literal" parts="parameters"/>
        <soap:header message="tns:sendProjectSearch" part="runAsIdentity" use="literal"/>
      </input>
      <output>
        <soap:body use="literal"/>
      </output>
      <fault name="ServiceException">
        <soap:fault name="ServiceException" use="literal"/>
      </fault>
    </operation>
    <operation name="sendOpportunityLocation">
      <soap:operation soapAction=""/>
      <input>
        <soap:body use="literal" parts="parameters"/>
        <soap:header message="tns:sendOpportunityLocation" part="runAsIdentity" use="literal"/>
      </input>
      <output>
        <soap:body use="literal"/>
      </output>
      <fault name="ServiceException">
        <soap:fault name="ServiceException" use="literal"/>
      </fault>
    </operation>
    <operation name="sendApproveOrRejectDocument2">
      <soap:operation soapAction=""/>
      <input>
        <soap:body use="literal" parts="parameters"/>
        <soap:header message="tns:sendApproveOrRejectDocument2" part="runAsIdentity" use="literal"/>
      </input>
      <output>
        <soap:body use="literal"/>
      </output>
      <fault name="ServiceException">
        <soap:fault name="ServiceException" use="literal"/>
      </fault>
    </operation>
    <operation name="sendSupplierSearch">
      <soap:operation soapAction=""/>
      <input>
        <soap:body use="literal" parts="parameters"/>
        <soap:header message="tns:sendSupplierSearch" part="runAsIdentity" use="literal"/>
      </input>
      <output>
        <soap:body use="literal"/>
      </output>
      <fault name="ServiceException">
        <soap:fault name="ServiceException" use="literal"/>
      </fault>
    </operation>
    <operation name="sendApproveOrRejectDocument">
      <soap:operation soapAction=""/>
      <input>
        <soap:body use="literal" parts="parameters"/>
        <soap:header message="tns:sendApproveOrRejectDocument" part="runAsIdentity" use="literal"/>
      </input>
      <output>
        <soap:body use="literal"/>
      </output>
      <fault name="ServiceException">
        <soap:fault name="ServiceException" use="literal"/>
      </fault>
    </operation>
    <operation name="sendPropDestination">
      <soap:operation soapAction=""/>
      <input>
        <soap:body use="literal" parts="parameters"/>
        <soap:header message="tns:sendPropDestination" part="runAsIdentity" use="literal"/>
      </input>
      <output>
        <soap:body use="literal"/>
      </output>
      <fault name="ServiceException">
        <soap:fault name="ServiceException" use="literal"/>
      </fault>
    </operation>
    <operation name="closeFolio">
      <soap:operation soapAction=""/>
      <input>
        <soap:body use="literal" parts="parameters"/>
        <soap:header message="tns:closeFolio" part="runAsIdentity" use="literal"/>
      </input>
      <output>
        <soap:body use="literal"/>
      </output>
      <fault name="ServiceException">
        <soap:fault name="ServiceException" use="literal"/>
      </fault>
    </operation>
    <operation name="addFileInPackage">
      <soap:operation soapAction=""/>
      <input>
        <soap:body use="literal" parts="parameters"/>
        <soap:header message="tns:addFileInPackage" part="runAsIdentity" use="literal"/>
      </input>
      <output>
        <soap:body use="literal"/>
      </output>
      <fault name="ServiceException">
        <soap:fault name="ServiceException" use="literal"/>
      </fault>
    </operation>
    <operation name="sendFolio">
      <soap:operation soapAction=""/>
      <input>
        <soap:body use="literal" parts="parameters"/>
        <soap:header message="tns:sendFolio" part="runAsIdentity" use="literal"/>
      </input>
      <output>
        <soap:body use="literal"/>
      </output>
      <fault name="ServiceException">
        <soap:fault name="ServiceException" use="literal"/>
      </fault>
    </operation>
    <operation name="sendPersonSearch">
      <soap:operation soapAction=""/>
      <input>
        <soap:body use="literal" parts="parameters"/>
        <soap:header message="tns:sendPersonSearch" part="runAsIdentity" use="literal"/>
      </input>
      <output>
        <soap:body use="literal"/>
      </output>
      <fault name="ServiceException">
        <soap:fault name="ServiceException" use="literal"/>
      </fault>
    </operation>
    <operation name="sendAddress">
      <soap:operation soapAction=""/>
      <input>
        <soap:body use="literal" parts="parameters"/>
        <soap:header message="tns:sendAddress" part="runAsIdentity" use="literal"/>
      </input>
      <output>
        <soap:body use="literal"/>
      </output>
      <fault name="ServiceException">
        <soap:fault name="ServiceException" use="literal"/>
      </fault>
    </operation>
    <operation name="sendModifySaj">
      <soap:operation soapAction=""/>
      <input>
        <soap:body use="literal" parts="parameters"/>
        <soap:header message="tns:sendModifySaj" part="runAsIdentity" use="literal"/>
      </input>
      <output>
        <soap:body use="literal"/>
      </output>
      <fault name="ServiceException">
        <soap:fault name="ServiceException" use="literal"/>
      </fault>
    </operation>
    <operation name="sendResponsable">
      <soap:operation soapAction=""/>
      <input>
        <soap:body use="literal" parts="parameters"/>
        <soap:header message="tns:sendResponsable" part="runAsIdentity" use="literal"/>
      </input>
      <output>
        <soap:body use="literal"/>
      </output>
      <fault name="ServiceException">
        <soap:fault name="ServiceException" use="literal"/>
      </fault>
    </operation>
  </binding>
  <service name="CWebServiceSajUtil">
    <port name="CWebServiceSajUtilServicePort" binding="tns:CWebServiceSajUtilServicePortBinding">
      <soap:address location="https://ifstst.coppels1.com:57080/ifssvc/CWebServiceSajUtil"/>
    </port>
  </service>
</definitions>]]></con:content><con:type>http://schemas.xmlsoap.org/wsdl/</con:type></con:part><con:part><con:url>https://ifstst.coppels1.com:57080/ifssvc/CWebServiceSajUtil?xsd=1</con:url><con:content><![CDATA[<!--Published by JAX-WS RI (http://jax-ws.java.net). RI's version is JAX-WS RI 2.3.0-b170407.2038 svn-revision#2eaca54d17a59d265c6fe886b7fd0027836c766c.-->
<xsd:schema targetNamespace="http://cwebservicesajutil.webservices.ifsworld.com/" xmlns:ns0="http://cwebservicesajutil.webservices.ifsworld.com/" xmlns:xsd="http://www.w3.org/2001/XMLSchema">
  <xsd:complexType name="addFileInPackage">
    <xsd:sequence>
      <xsd:element name="SajFolioNo" type="xsd:decimal" minOccurs="0"/>
      <xsd:element name="SajFileName" type="xsd:string" minOccurs="0"/>
      <xsd:element name="SajFileType" type="xsd:string" minOccurs="0"/>
      <xsd:element name="SajFileClass" type="xsd:string" minOccurs="0"/>
      <xsd:element name="SajFile" type="xsd:base64Binary" minOccurs="0" nillable="true"/>
    </xsd:sequence>
  </xsd:complexType>
  <xsd:complexType name="addFileInPackageResponse">
    <xsd:sequence>
      <xsd:element name="return" type="xsd:string" minOccurs="0"/>
    </xsd:sequence>
  </xsd:complexType>
  <xsd:complexType name="closeFolio">
    <xsd:sequence>
      <xsd:element name="SajFolioNo" type="xsd:decimal" minOccurs="0"/>
      <xsd:element name="ClaspType" type="xsd:string" minOccurs="0"/>
      <xsd:element name="DeadLine" type="xsd:string" minOccurs="0"/>
      <xsd:element name="ClosingForm" type="xsd:string" minOccurs="0"/>
    </xsd:sequence>
  </xsd:complexType>
  <xsd:complexType name="closeFolioResponse">
    <xsd:sequence>
      <xsd:element name="return" type="xsd:string" minOccurs="0"/>
    </xsd:sequence>
  </xsd:complexType>
  <xsd:complexType name="sendAddress">
    <xsd:sequence>
      <xsd:element name="InmuebleNumero" type="xsd:string" minOccurs="0"/>
      <xsd:element name="TypeRoadsId" type="xsd:string" minOccurs="0"/>
      <xsd:element name="RoadName" type="xsd:string" minOccurs="0"/>
      <xsd:element name="OutdoorNumber" type="xsd:string" minOccurs="0"/>
      <xsd:element name="InteriorNumber" type="xsd:string" minOccurs="0"/>
      <xsd:element name="BetweenStreet" type="xsd:string" minOccurs="0"/>
      <xsd:element name="AndStreet" type="xsd:string" minOccurs="0"/>
      <xsd:element name="CornerWith" type="xsd:string" minOccurs="0"/>
      <xsd:element name="Colony" type="xsd:string" minOccurs="0"/>
      <xsd:element name="PostalCode" type="xsd:decimal" minOccurs="0"/>
      <xsd:element name="MunicipalityId" type="xsd:string" minOccurs="0"/>
      <xsd:element name="CityId" type="xsd:string" minOccurs="0"/>
      <xsd:element name="StateId" type="xsd:string" minOccurs="0"/>
    </xsd:sequence>
  </xsd:complexType>
  <xsd:complexType name="sendAddressResponse">
    <xsd:sequence>
      <xsd:element name="return" type="xsd:string" minOccurs="0"/>
    </xsd:sequence>
  </xsd:complexType>
  <xsd:complexType name="sendApproveOrRejectDocument">
    <xsd:sequence>
      <xsd:element name="StepNo" type="xsd:string" minOccurs="0"/>
      <xsd:element name="SajFolio" type="xsd:string" minOccurs="0"/>
      <xsd:element name="SucessSaj" type="xsd:decimal" minOccurs="0"/>
      <xsd:element name="PersonId" type="xsd:string" minOccurs="0"/>
      <xsd:element name="ApprovalStatus" type="xsd:string" minOccurs="0"/>
      <xsd:element name="Note" type="xsd:string" minOccurs="0"/>
    </xsd:sequence>
  </xsd:complexType>
  <xsd:complexType name="sendApproveOrRejectDocument2">
    <xsd:sequence>
      <xsd:element name="StepNo" type="xsd:string" minOccurs="0"/>
      <xsd:element name="SajFolio" type="xsd:string" minOccurs="0"/>
      <xsd:element name="SucessSaj" type="xsd:decimal" minOccurs="0"/>
      <xsd:element name="PersonId" type="xsd:string" minOccurs="0"/>
      <xsd:element name="ApprovalStatus" type="xsd:string" minOccurs="0"/>
      <xsd:element name="Note" type="xsd:string" minOccurs="0"/>
      <xsd:element name="InmuebleNumero" type="xsd:string" minOccurs="0"/>
      <xsd:element name="CommentLegal" type="xsd:string" minOccurs="0"/>
    </xsd:sequence>
  </xsd:complexType>
  <xsd:complexType name="sendApproveOrRejectDocument2Response">
    <xsd:sequence>
      <xsd:element name="return" type="xsd:string" minOccurs="0"/>
    </xsd:sequence>
  </xsd:complexType>
  <xsd:complexType name="sendApproveOrRejectDocumentResponse">
    <xsd:sequence>
      <xsd:element name="return" type="xsd:string" minOccurs="0"/>
    </xsd:sequence>
  </xsd:complexType>
  <xsd:complexType name="sendFolio">
    <xsd:sequence>
      <xsd:element name="Folio" type="xsd:string" minOccurs="0"/>
      <xsd:element name="FolioNuevo" type="xsd:string" minOccurs="0"/>
      <xsd:element name="InmuebleNumero" type="xsd:string" minOccurs="0"/>
    </xsd:sequence>
  </xsd:complexType>
  <xsd:complexType name="sendFolioResponse">
    <xsd:sequence>
      <xsd:element name="return" type="xsd:string" minOccurs="0"/>
    </xsd:sequence>
  </xsd:complexType>
  <xsd:complexType name="sendModifySaj">
    <xsd:sequence>
      <xsd:element name="SajFolio" type="xsd:decimal" minOccurs="0"/>
      <xsd:element name="StateId" type="xsd:string" minOccurs="0"/>
      <xsd:element name="CityId" type="xsd:string" minOccurs="0"/>
      <xsd:element name="IdEfilialSaj" type="xsd:decimal" minOccurs="0"/>
      <xsd:element name="CenterId" type="xsd:string" minOccurs="0"/>
      <xsd:element name="RegionId" type="xsd:string" minOccurs="0"/>
      <xsd:element name="Responsible" type="xsd:string" minOccurs="0"/>
      <xsd:element name="CountyId" type="xsd:string" minOccurs="0"/>
    </xsd:sequence>
  </xsd:complexType>
  <xsd:complexType name="sendModifySajResponse">
    <xsd:sequence>
      <xsd:element name="return" type="xsd:string" minOccurs="0"/>
    </xsd:sequence>
  </xsd:complexType>
  <xsd:complexType name="sendOpportunityLocation">
    <xsd:sequence>
      <xsd:element name="SajFolio" type="xsd:decimal" minOccurs="0"/>
      <xsd:element name="OpportunityCode" type="xsd:string" minOccurs="0"/>
      <xsd:element name="AddressId" type="xsd:string" minOccurs="0"/>
      <xsd:element name="TypeRoadsId" type="xsd:string" minOccurs="0"/>
      <xsd:element name="RoadName" type="xsd:string" minOccurs="0"/>
      <xsd:element name="OutdoorNumber" type="xsd:string" minOccurs="0"/>
      <xsd:element name="InteriorNumber" type="xsd:string" minOccurs="0"/>
      <xsd:element name="BetweenStreet" type="xsd:string" minOccurs="0"/>
      <xsd:element name="AndStreet" type="xsd:string" minOccurs="0"/>
      <xsd:element name="CornerWith" type="xsd:string" minOccurs="0"/>
      <xsd:element name="Colony" type="xsd:string" minOccurs="0"/>
      <xsd:element name="PostalCode" type="xsd:decimal" minOccurs="0"/>
      <xsd:element name="MunicipalityId" type="xsd:string" minOccurs="0"/>
      <xsd:element name="CityId" type="xsd:string" minOccurs="0"/>
      <xsd:element name="StateId" type="xsd:string" minOccurs="0"/>
      <xsd:element name="TypeNegotiation" type="xsd:string" minOccurs="0"/>
      <xsd:element name="LegalRepresentative" type="xsd:string" minOccurs="0"/>
      <xsd:element name="ExpansionBuyer" type="xsd:string" minOccurs="0"/>
      <xsd:element name="ExpansionBuyerEmail" type="xsd:string" minOccurs="0"/>
      <xsd:element name="RegionalPropertyManager" type="xsd:string" minOccurs="0"/>
      <xsd:element name="RegionalPropManagerEmail" type="xsd:string" minOccurs="0"/>
      <xsd:element name="DestinationId" type="xsd:string" minOccurs="0"/>
      <xsd:element name="MainContact" type="xsd:string" minOccurs="0"/>
      <xsd:element name="MainRepresentativeId" type="xsd:string" minOccurs="0"/>
      <xsd:element name="ContractingId" type="xsd:decimal" minOccurs="0"/>
      <xsd:element name="OperatingAmount" type="xsd:string" minOccurs="0"/>
      <xsd:element name="IntegrationProject" type="xsd:decimal" minOccurs="0"/>
      <xsd:element name="RegionId" type="xsd:string" minOccurs="0"/>
    </xsd:sequence>
  </xsd:complexType>
  <xsd:complexType name="sendOpportunityLocationResponse">
    <xsd:sequence>
      <xsd:element name="return" type="xsd:string" minOccurs="0"/>
    </xsd:sequence>
  </xsd:complexType>
  <xsd:complexType name="sendPersonSearch">
    <xsd:sequence>
      <xsd:element name="PersonId" type="xsd:string" minOccurs="0"/>
    </xsd:sequence>
  </xsd:complexType>
  <xsd:complexType name="sendPersonSearchResponse">
    <xsd:sequence>
      <xsd:element name="return" type="xsd:string" minOccurs="0"/>
    </xsd:sequence>
  </xsd:complexType>
  <xsd:complexType name="sendProjectSearch">
    <xsd:sequence>
      <xsd:element name="ProgramId" type="xsd:string" minOccurs="0"/>
    </xsd:sequence>
  </xsd:complexType>
  <xsd:complexType name="sendProjectSearchResponse">
    <xsd:sequence>
      <xsd:element name="return" type="xsd:string" minOccurs="0"/>
    </xsd:sequence>
  </xsd:complexType>
  <xsd:complexType name="sendPropDestination">
    <xsd:sequence>
      <xsd:element name="PropertiesDestination" type="xsd:decimal" minOccurs="0"/>
      <xsd:element name="PropertiesDestName" type="xsd:string" minOccurs="0"/>
      <xsd:element name="Action" type="xsd:string" minOccurs="0"/>
    </xsd:sequence>
  </xsd:complexType>
  <xsd:complexType name="sendPropDestinationResponse">
    <xsd:sequence>
      <xsd:element name="return" type="xsd:string" minOccurs="0"/>
    </xsd:sequence>
  </xsd:complexType>
  <xsd:complexType name="sendResponsable">
    <xsd:sequence>
      <xsd:element name="SajFolio" type="xsd:decimal" minOccurs="0"/>
      <xsd:element name="Responsable" type="xsd:string" minOccurs="0"/>
    </xsd:sequence>
  </xsd:complexType>
  <xsd:complexType name="sendResponsableResponse">
    <xsd:sequence>
      <xsd:element name="return" type="xsd:string" minOccurs="0"/>
    </xsd:sequence>
  </xsd:complexType>
  <xsd:complexType name="sendSupplierSearch">
    <xsd:sequence>
      <xsd:element name="SupplierId" type="xsd:string" minOccurs="0"/>
    </xsd:sequence>
  </xsd:complexType>
  <xsd:complexType name="sendSupplierSearchResponse">
    <xsd:sequence>
      <xsd:element name="return" type="xsd:string" minOccurs="0"/>
    </xsd:sequence>
  </xsd:complexType>
  <xsd:complexType name="sendTypeAnnouncement">
    <xsd:sequence>
      <xsd:element name="AdType" type="xsd:decimal" minOccurs="0"/>
      <xsd:element name="AdTypeName" type="xsd:string" minOccurs="0"/>
      <xsd:element name="Action" type="xsd:string" minOccurs="0"/>
    </xsd:sequence>
  </xsd:complexType>
  <xsd:complexType name="sendTypeAnnouncementResponse">
    <xsd:sequence>
      <xsd:element name="return" type="xsd:string" minOccurs="0"/>
    </xsd:sequence>
  </xsd:complexType>
  <xsd:complexType name="ServiceException">
    <xsd:sequence>
      <xsd:element name="extraInfo" type="xsd:string" minOccurs="0"/>
      <xsd:element name="message" type="xsd:string" minOccurs="0"/>
      <xsd:element name="type" type="xsd:string" minOccurs="0"/>
    </xsd:sequence>
  </xsd:complexType>
  <xsd:element name="addFileInPackage" type="ns0:addFileInPackage"/>
  <xsd:element name="addFileInPackageResponse" type="ns0:addFileInPackageResponse"/>
  <xsd:element name="closeFolio" type="ns0:closeFolio"/>
  <xsd:element name="closeFolioResponse" type="ns0:closeFolioResponse"/>
  <xsd:element name="sendAddress" type="ns0:sendAddress"/>
  <xsd:element name="sendAddressResponse" type="ns0:sendAddressResponse"/>
  <xsd:element name="sendApproveOrRejectDocument" type="ns0:sendApproveOrRejectDocument"/>
  <xsd:element name="sendApproveOrRejectDocument2" type="ns0:sendApproveOrRejectDocument2"/>
  <xsd:element name="sendApproveOrRejectDocument2Response" type="ns0:sendApproveOrRejectDocument2Response"/>
  <xsd:element name="sendApproveOrRejectDocumentResponse" type="ns0:sendApproveOrRejectDocumentResponse"/>
  <xsd:element name="sendFolio" type="ns0:sendFolio"/>
  <xsd:element name="sendFolioResponse" type="ns0:sendFolioResponse"/>
  <xsd:element name="sendModifySaj" type="ns0:sendModifySaj"/>
  <xsd:element name="sendModifySajResponse" type="ns0:sendModifySajResponse"/>
  <xsd:element name="sendOpportunityLocation" type="ns0:sendOpportunityLocation"/>
  <xsd:element name="sendOpportunityLocationResponse" type="ns0:sendOpportunityLocationResponse"/>
  <xsd:element name="sendPersonSearch" type="ns0:sendPersonSearch"/>
  <xsd:element name="sendPersonSearchResponse" type="ns0:sendPersonSearchResponse"/>
  <xsd:element name="sendProjectSearch" type="ns0:sendProjectSearch"/>
  <xsd:element name="sendProjectSearchResponse" type="ns0:sendProjectSearchResponse"/>
  <xsd:element name="sendPropDestination" type="ns0:sendPropDestination"/>
  <xsd:element name="sendPropDestinationResponse" type="ns0:sendPropDestinationResponse"/>
  <xsd:element name="sendResponsable" type="ns0:sendResponsable"/>
  <xsd:element name="sendResponsableResponse" type="ns0:sendResponsableResponse"/>
  <xsd:element name="sendSupplierSearch" type="ns0:sendSupplierSearch"/>
  <xsd:element name="sendSupplierSearchResponse" type="ns0:sendSupplierSearchResponse"/>
  <xsd:element name="sendTypeAnnouncement" type="ns0:sendTypeAnnouncement"/>
  <xsd:element name="sendTypeAnnouncementResponse" type="ns0:sendTypeAnnouncementResponse"/>
  <xsd:element name="ServiceException" type="ns0:ServiceException"/>
  <xsd:element name="runAsIdentity" type="xsd:string" nillable="true"/>
</xsd:schema>]]></con:content><con:type>http://www.w3.org/2001/XMLSchema</con:type></con:part></con:definitionCache><con:endpoints><con:endpoint>https://ifstst.coppels1.com:57080/ifssvc/CWebServiceSajUtil</con:endpoint></con:endpoints><con:operation id="1e3d83d0-f0c7-4b77-bdee-505561490505" isOneWay="false" action="" name="addFileInPackage" bindingOperationName="addFileInPackage" type="Request-Response" inputName="" receivesAttachments="false" sendsAttachments="false" anonymous="optional"><con:settings/><con:call id="1e17b136-5c4f-4d2d-85a8-6b9e3e0d627e" name="Request 1"><con:settings/><con:encoding>UTF-8</con:encoding><con:endpoint>https://ifstst.coppels1.com:57080/ifssvc/CWebServiceSajUtil</con:endpoint><con:request><![CDATA[<soapenv:Envelope xmlns:soapenv="http://schemas.xmlsoap.org/soap/envelope/" xmlns:cweb="http://cwebservicesajutil.webservices.ifsworld.com/">\r
   <soapenv:Header>\r
      <cweb:runAsIdentity>?</cweb:runAsIdentity>\r
   </soapenv:Header>\r
   <soapenv:Body>\r
      <cweb:addFileInPackage>\r
         <!--Optional:-->\r
         <SajFolioNo>?</SajFolioNo>\r
         <!--Optional:-->\r
         <SajFileName>?</SajFileName>\r
         <!--Optional:-->\r
         <SajFileType>?</SajFileType>\r
         <!--Optional:-->\r
         <SajFileClass>?</SajFileClass>\r
         <!--Optional:-->\r
         <SajFile>cid:1348373056032</SajFile>\r
      </cweb:addFileInPackage>\r
   </soapenv:Body>\r
</soapenv:Envelope>]]></con:request><con:wsaConfig mustUnderstand="NONE" version="200508" action="http://cwebservicesajutil.webservices.ifsworld.com/CWebServiceSajUtilService/addFileInPackageRequest"/></con:call></con:operation><con:operation id="bb2a9610-bb22-41f7-a84b-424abd5603b9" isOneWay="false" action="" name="closeFolio" bindingOperationName="closeFolio" type="Request-Response" inputName="" receivesAttachments="false" sendsAttachments="false" anonymous="optional"><con:settings/><con:call id="5743661f-60c0-48b6-98f0-650fba9eb1f4" name="Request 1"><con:settings/><con:encoding>UTF-8</con:encoding><con:endpoint>https://ifstst.coppels1.com:57080/ifssvc/CWebServiceSajUtil</con:endpoint><con:request><![CDATA[<soapenv:Envelope xmlns:soapenv="http://schemas.xmlsoap.org/soap/envelope/" xmlns:cweb="http://cwebservicesajutil.webservices.ifsworld.com/">\r
   <soapenv:Header>\r
      <cweb:runAsIdentity>?</cweb:runAsIdentity>\r
   </soapenv:Header>\r
   <soapenv:Body>\r
      <cweb:closeFolio>\r
         <!--Optional:-->\r
         <SajFolioNo>?</SajFolioNo>\r
         <!--Optional:-->\r
         <ClaspType>?</ClaspType>\r
         <!--Optional:-->\r
         <DeadLine>?</DeadLine>\r
         <!--Optional:-->\r
         <ClosingForm>?</ClosingForm>\r
      </cweb:closeFolio>\r
   </soapenv:Body>\r
</soapenv:Envelope>]]></con:request><con:wsaConfig mustUnderstand="NONE" version="200508" action="http://cwebservicesajutil.webservices.ifsworld.com/CWebServiceSajUtilService/closeFolioRequest"/></con:call></con:operation><con:operation id="c08e4165-18a0-4190-a188-a214ca7726ab" isOneWay="false" action="" name="sendAddress" bindingOperationName="sendAddress" type="Request-Response" inputName="" receivesAttachments="false" sendsAttachments="false" anonymous="optional"><con:settings/><con:call id="dcd1f911-0604-4195-afff-0209ee882f7d" name="Request 1"><con:settings/><con:encoding>UTF-8</con:encoding><con:endpoint>https://ifstst.coppels1.com:57080/ifssvc/CWebServiceSajUtil</con:endpoint><con:request><![CDATA[<soapenv:Envelope xmlns:soapenv="http://schemas.xmlsoap.org/soap/envelope/" xmlns:cweb="http://cwebservicesajutil.webservices.ifsworld.com/">\r
   <soapenv:Header>\r
      <cweb:runAsIdentity>?</cweb:runAsIdentity>\r
   </soapenv:Header>\r
   <soapenv:Body>\r
      <cweb:sendAddress>\r
         <!--Optional:-->\r
         <InmuebleNumero>?</InmuebleNumero>\r
         <!--Optional:-->\r
         <TypeRoadsId>?</TypeRoadsId>\r
         <!--Optional:-->\r
         <RoadName>?</RoadName>\r
         <!--Optional:-->\r
         <OutdoorNumber>?</OutdoorNumber>\r
         <!--Optional:-->\r
         <InteriorNumber>?</InteriorNumber>\r
         <!--Optional:-->\r
         <BetweenStreet>?</BetweenStreet>\r
         <!--Optional:-->\r
         <AndStreet>?</AndStreet>\r
         <!--Optional:-->\r
         <CornerWith>?</CornerWith>\r
         <!--Optional:-->\r
         <Colony>?</Colony>\r
         <!--Optional:-->\r
         <PostalCode>?</PostalCode>\r
         <!--Optional:-->\r
         <MunicipalityId>?</MunicipalityId>\r
         <!--Optional:-->\r
         <CityId>?</CityId>\r
         <!--Optional:-->\r
         <StateId>?</StateId>\r
      </cweb:sendAddress>\r
   </soapenv:Body>\r
</soapenv:Envelope>]]></con:request><con:wsaConfig mustUnderstand="NONE" version="200508" action="http://cwebservicesajutil.webservices.ifsworld.com/CWebServiceSajUtilService/sendAddressRequest"/></con:call></con:operation><con:operation id="0cef8331-52df-4776-969a-c71baba7a73a" isOneWay="false" action="" name="sendApproveOrRejectDocument" bindingOperationName="sendApproveOrRejectDocument" type="Request-Response" inputName="" receivesAttachments="false" sendsAttachments="false" anonymous="optional"><con:settings/><con:call id="7e1eac11-1feb-428b-9f65-396edfeebce1" name="Request 1"><con:settings/><con:encoding>UTF-8</con:encoding><con:endpoint>https://ifstst.coppels1.com:57080/ifssvc/CWebServiceSajUtil</con:endpoint><con:request><![CDATA[<soapenv:Envelope xmlns:soapenv="http://schemas.xmlsoap.org/soap/envelope/" xmlns:cweb="http://cwebservicesajutil.webservices.ifsworld.com/">\r
   <soapenv:Header>\r
      <cweb:runAsIdentity>?</cweb:runAsIdentity>\r
   </soapenv:Header>\r
   <soapenv:Body>\r
      <cweb:sendApproveOrRejectDocument>\r
         <!--Optional:-->\r
         <StepNo>?</StepNo>\r
         <!--Optional:-->\r
         <SajFolio>?</SajFolio>\r
         <!--Optional:-->\r
         <SucessSaj>?</SucessSaj>\r
         <!--Optional:-->\r
         <PersonId>?</PersonId>\r
         <!--Optional:-->\r
         <ApprovalStatus>?</ApprovalStatus>\r
         <!--Optional:-->\r
         <Note>?</Note>\r
      </cweb:sendApproveOrRejectDocument>\r
   </soapenv:Body>\r
</soapenv:Envelope>]]></con:request><con:credentials><con:authType>No Authorization</con:authType></con:credentials><con:jmsConfig JMSDeliveryMode="PERSISTENT"/><con:jmsPropertyConfig/><con:wsaConfig mustUnderstand="NONE" version="200508" action="http://cwebservicesajutil.webservices.ifsworld.com/CWebServiceSajUtilService/sendApproveOrRejectDocumentRequest"/><con:wsrmConfig version="1.2"/></con:call></con:operation><con:operation id="20ba2b37-9678-4d2a-bf38-860313aef337" isOneWay="false" action="" name="sendApproveOrRejectDocument2" bindingOperationName="sendApproveOrRejectDocument2" type="Request-Response" inputName="" receivesAttachments="false" sendsAttachments="false" anonymous="optional"><con:settings/><con:call id="3a80597e-53b8-4ecf-a889-1ce469280ce5" name="Request 1"><con:settings/><con:encoding>UTF-8</con:encoding><con:endpoint>https://ifstst.coppels1.com:57080/ifssvc/CWebServiceSajUtil</con:endpoint><con:request><![CDATA[<soapenv:Envelope xmlns:soapenv="http://schemas.xmlsoap.org/soap/envelope/" xmlns:cweb="http://cwebservicesajutil.webservices.ifsworld.com/">\r
   <soapenv:Header>\r
      <cweb:runAsIdentity>?</cweb:runAsIdentity>\r
   </soapenv:Header>\r
   <soapenv:Body>\r
      <cweb:sendApproveOrRejectDocument2>\r
         <!--Optional:-->\r
         <StepNo>?</StepNo>\r
         <!--Optional:-->\r
         <SajFolio>?</SajFolio>\r
         <!--Optional:-->\r
         <SucessSaj>?</SucessSaj>\r
         <!--Optional:-->\r
         <PersonId>?</PersonId>\r
         <!--Optional:-->\r
         <ApprovalStatus>?</ApprovalStatus>\r
         <!--Optional:-->\r
         <Note>?</Note>\r
         <!--Optional:-->\r
         <InmuebleNumero>?</InmuebleNumero>\r
         <!--Optional:-->\r
         <CommentLegal>?</CommentLegal>\r
      </cweb:sendApproveOrRejectDocument2>\r
   </soapenv:Body>\r
</soapenv:Envelope>]]></con:request><con:credentials><con:authType>No Authorization</con:authType></con:credentials><con:jmsConfig JMSDeliveryMode="PERSISTENT"/><con:jmsPropertyConfig/><con:wsaConfig mustUnderstand="NONE" version="200508" action="http://cwebservicesajutil.webservices.ifsworld.com/CWebServiceSajUtilService/sendApproveOrRejectDocument2Request"/><con:wsrmConfig version="1.2"/></con:call></con:operation><con:operation id="44796107-a04b-40d0-9c9a-fa35f5349494" isOneWay="false" action="" name="sendFolio" bindingOperationName="sendFolio" type="Request-Response" inputName="" receivesAttachments="false" sendsAttachments="false" anonymous="optional"><con:settings/><con:call id="b505cdb5-f49c-485b-8aae-ebed41a0197e" name="Request 1"><con:settings/><con:encoding>UTF-8</con:encoding><con:endpoint>https://ifstst.coppels1.com:57080/ifssvc/CWebServiceSajUtil</con:endpoint><con:request><![CDATA[<soapenv:Envelope xmlns:soapenv="http://schemas.xmlsoap.org/soap/envelope/" xmlns:cweb="http://cwebservicesajutil.webservices.ifsworld.com/">\r
   <soapenv:Header>\r
      <cweb:runAsIdentity>?</cweb:runAsIdentity>\r
   </soapenv:Header>\r
   <soapenv:Body>\r
      <cweb:sendFolio>\r
         <!--Optional:-->\r
         <Folio>?</Folio>\r
         <!--Optional:-->\r
         <FolioNuevo>?</FolioNuevo>\r
         <!--Optional:-->\r
         <InmuebleNumero>?</InmuebleNumero>\r
      </cweb:sendFolio>\r
   </soapenv:Body>\r
</soapenv:Envelope>]]></con:request><con:wsaConfig mustUnderstand="NONE" version="200508" action="http://cwebservicesajutil.webservices.ifsworld.com/CWebServiceSajUtilService/sendFolioRequest"/></con:call></con:operation><con:operation id="61fd7494-5e43-4c14-9957-95ea9f765fe2" isOneWay="false" action="" name="sendModifySaj" bindingOperationName="sendModifySaj" type="Request-Response" inputName="" receivesAttachments="false" sendsAttachments="false" anonymous="optional"><con:settings/><con:call id="062d1241-7bd0-4a20-83ea-fbf1735525e3" name="Request 1"><con:settings/><con:encoding>UTF-8</con:encoding><con:endpoint>https://ifstst.coppels1.com:57080/ifssvc/CWebServiceSajUtil</con:endpoint><con:request><![CDATA[<soapenv:Envelope xmlns:soapenv="http://schemas.xmlsoap.org/soap/envelope/" xmlns:cweb="http://cwebservicesajutil.webservices.ifsworld.com/">\r
   <soapenv:Header>\r
      <cweb:runAsIdentity>?</cweb:runAsIdentity>\r
   </soapenv:Header>\r
   <soapenv:Body>\r
      <cweb:sendModifySaj>\r
         <!--Optional:-->\r
         <SajFolio>?</SajFolio>\r
         <!--Optional:-->\r
         <StateId>?</StateId>\r
         <!--Optional:-->\r
         <CityId>?</CityId>\r
         <!--Optional:-->\r
         <IdEfilialSaj>?</IdEfilialSaj>\r
         <!--Optional:-->\r
         <CenterId>?</CenterId>\r
         <!--Optional:-->\r
         <RegionId>?</RegionId>\r
         <!--Optional:-->\r
         <Responsible>?</Responsible>\r
         <!--Optional:-->\r
         <CountyId>?</CountyId>\r
      </cweb:sendModifySaj>\r
   </soapenv:Body>\r
</soapenv:Envelope>]]></con:request><con:credentials><con:authType>No Authorization</con:authType></con:credentials><con:jmsConfig JMSDeliveryMode="PERSISTENT"/><con:jmsPropertyConfig/><con:wsaConfig mustUnderstand="NONE" version="200508" action="http://cwebservicesajutil.webservices.ifsworld.com/CWebServiceSajUtilService/sendModifySajRequest"/><con:wsrmConfig version="1.2"/></con:call></con:operation><con:operation id="4f6c2fce-7470-47f0-9835-ce730e243e02" isOneWay="false" action="" name="sendOpportunityLocation" bindingOperationName="sendOpportunityLocation" type="Request-Response" inputName="" receivesAttachments="false" sendsAttachments="false" anonymous="optional"><con:settings/><con:call id="68b90368-ab1e-43ea-9653-7ca04b643642" name="Request 1"><con:settings/><con:encoding>UTF-8</con:encoding><con:endpoint>https://ifstst.coppels1.com:57080/ifssvc/CWebServiceSajUtil</con:endpoint><con:request><![CDATA[<soapenv:Envelope xmlns:soapenv="http://schemas.xmlsoap.org/soap/envelope/" xmlns:cweb="http://cwebservicesajutil.webservices.ifsworld.com/">\r
   <soapenv:Header>\r
      <cweb:runAsIdentity>?</cweb:runAsIdentity>\r
   </soapenv:Header>\r
   <soapenv:Body>\r
      <cweb:sendOpportunityLocation>\r
         <!--Optional:-->\r
         <SajFolio>?</SajFolio>\r
         <!--Optional:-->\r
         <OpportunityCode>?</OpportunityCode>\r
         <!--Optional:-->\r
         <AddressId>?</AddressId>\r
         <!--Optional:-->\r
         <TypeRoadsId>?</TypeRoadsId>\r
         <!--Optional:-->\r
         <RoadName>?</RoadName>\r
         <!--Optional:-->\r
         <OutdoorNumber>?</OutdoorNumber>\r
         <!--Optional:-->\r
         <InteriorNumber>?</InteriorNumber>\r
         <!--Optional:-->\r
         <BetweenStreet>?</BetweenStreet>\r
         <!--Optional:-->\r
         <AndStreet>?</AndStreet>\r
         <!--Optional:-->\r
         <CornerWith>?</CornerWith>\r
         <!--Optional:-->\r
         <Colony>?</Colony>\r
         <!--Optional:-->\r
         <PostalCode>?</PostalCode>\r
         <!--Optional:-->\r
         <MunicipalityId>?</MunicipalityId>\r
         <!--Optional:-->\r
         <CityId>?</CityId>\r
         <!--Optional:-->\r
         <StateId>?</StateId>\r
         <!--Optional:-->\r
         <TypeNegotiation>?</TypeNegotiation>\r
         <!--Optional:-->\r
         <LegalRepresentative>?</LegalRepresentative>\r
         <!--Optional:-->\r
         <ExpansionBuyer>?</ExpansionBuyer>\r
         <!--Optional:-->\r
         <ExpansionBuyerEmail>?</ExpansionBuyerEmail>\r
         <!--Optional:-->\r
         <RegionalPropertyManager>?</RegionalPropertyManager>\r
         <!--Optional:-->\r
         <RegionalPropManagerEmail>?</RegionalPropManagerEmail>\r
         <!--Optional:-->\r
         <DestinationId>?</DestinationId>\r
         <!--Optional:-->\r
         <MainContact>?</MainContact>\r
         <!--Optional:-->\r
         <MainRepresentativeId>?</MainRepresentativeId>\r
         <!--Optional:-->\r
         <ContractingId>?</ContractingId>\r
         <!--Optional:-->\r
         <OperatingAmount>?</OperatingAmount>\r
         <!--Optional:-->\r
         <IntegrationProject>?</IntegrationProject>\r
         <!--Optional:-->\r
         <RegionId>?</RegionId>\r
      </cweb:sendOpportunityLocation>\r
   </soapenv:Body>\r
</soapenv:Envelope>]]></con:request><con:credentials><con:authType>No Authorization</con:authType></con:credentials><con:jmsConfig JMSDeliveryMode="PERSISTENT"/><con:jmsPropertyConfig/><con:wsaConfig mustUnderstand="NONE" version="200508" action="http://cwebservicesajutil.webservices.ifsworld.com/CWebServiceSajUtilService/sendOpportunityLocationRequest"/><con:wsrmConfig version="1.2"/></con:call></con:operation><con:operation id="fe392f43-6c26-403d-a44b-c8b7e60aacfc" isOneWay="false" action="" name="sendPersonSearch" bindingOperationName="sendPersonSearch" type="Request-Response" inputName="" receivesAttachments="false" sendsAttachments="false" anonymous="optional"><con:settings/><con:call id="a4630dfd-0c17-45e9-ad8f-3fdc58fc8922" name="Request 1"><con:settings/><con:encoding>UTF-8</con:encoding><con:endpoint>https://ifstst.coppels1.com:57080/ifssvc/CWebServiceSajUtil</con:endpoint><con:request><![CDATA[<soapenv:Envelope xmlns:soapenv="http://schemas.xmlsoap.org/soap/envelope/" xmlns:cweb="http://cwebservicesajutil.webservices.ifsworld.com/">\r
   <soapenv:Header>\r
      <cweb:runAsIdentity>?</cweb:runAsIdentity>\r
   </soapenv:Header>\r
   <soapenv:Body>\r
      <cweb:sendPersonSearch>\r
         <!--Optional:-->\r
         <PersonId>?</PersonId>\r
      </cweb:sendPersonSearch>\r
   </soapenv:Body>\r
</soapenv:Envelope>]]></con:request><con:wsaConfig mustUnderstand="NONE" version="200508" action="http://cwebservicesajutil.webservices.ifsworld.com/CWebServiceSajUtilService/sendPersonSearchRequest"/></con:call></con:operation><con:operation id="df6bb6f0-f46e-4999-b6b4-12fc7e812ee0" isOneWay="false" action="" name="sendProjectSearch" bindingOperationName="sendProjectSearch" type="Request-Response" inputName="" receivesAttachments="false" sendsAttachments="false" anonymous="optional"><con:settings/><con:call id="f2f5f4fc-d1ad-451a-a244-14deaeac2620" name="Request 1"><con:settings/><con:encoding>UTF-8</con:encoding><con:endpoint>https://ifstst.coppels1.com:57080/ifssvc/CWebServiceSajUtil</con:endpoint><con:request><![CDATA[<soapenv:Envelope xmlns:soapenv="http://schemas.xmlsoap.org/soap/envelope/" xmlns:cweb="http://cwebservicesajutil.webservices.ifsworld.com/">\r
   <soapenv:Header>\r
      <cweb:runAsIdentity>?</cweb:runAsIdentity>\r
   </soapenv:Header>\r
   <soapenv:Body>\r
      <cweb:sendProjectSearch>\r
         <!--Optional:-->\r
         <ProgramId>?</ProgramId>\r
      </cweb:sendProjectSearch>\r
   </soapenv:Body>\r
</soapenv:Envelope>]]></con:request><con:wsaConfig mustUnderstand="NONE" version="200508" action="http://cwebservicesajutil.webservices.ifsworld.com/CWebServiceSajUtilService/sendProjectSearchRequest"/></con:call></con:operation><con:operation id="4474bbc6-f0ae-49a0-960a-2c35888ec573" isOneWay="false" action="" name="sendPropDestination" bindingOperationName="sendPropDestination" type="Request-Response" inputName="" receivesAttachments="false" sendsAttachments="false" anonymous="optional"><con:settings/><con:call id="31656d11-19c8-4407-b751-d7926c81e260" name="Request 1"><con:settings/><con:encoding>UTF-8</con:encoding><con:endpoint>https://ifstst.coppels1.com:57080/ifssvc/CWebServiceSajUtil</con:endpoint><con:request><![CDATA[<soapenv:Envelope xmlns:soapenv="http://schemas.xmlsoap.org/soap/envelope/" xmlns:cweb="http://cwebservicesajutil.webservices.ifsworld.com/">\r
   <soapenv:Header>\r
      <cweb:runAsIdentity>?</cweb:runAsIdentity>\r
   </soapenv:Header>\r
   <soapenv:Body>\r
      <cweb:sendPropDestination>\r
         <!--Optional:-->\r
         <PropertiesDestination>?</PropertiesDestination>\r
         <!--Optional:-->\r
         <PropertiesDestName>?</PropertiesDestName>\r
         <!--Optional:-->\r
         <Action>?</Action>\r
      </cweb:sendPropDestination>\r
   </soapenv:Body>\r
</soapenv:Envelope>]]></con:request><con:credentials><con:authType>No Authorization</con:authType></con:credentials><con:jmsConfig JMSDeliveryMode="PERSISTENT"/><con:jmsPropertyConfig/><con:wsaConfig mustUnderstand="NONE" version="200508" action="http://cwebservicesajutil.webservices.ifsworld.com/CWebServiceSajUtilService/sendPropDestinationRequest"/><con:wsrmConfig version="1.2"/></con:call></con:operation><con:operation id="e69d7129-ef12-41bf-a80b-961c025736ba" isOneWay="false" action="" name="sendResponsable" bindingOperationName="sendResponsable" type="Request-Response" inputName="" receivesAttachments="false" sendsAttachments="false" anonymous="optional"><con:settings/><con:call id="c1be5138-fbd3-4539-b82e-40a36a146303" name="Request 1"><con:settings/><con:encoding>UTF-8</con:encoding><con:endpoint>https://ifstst.coppels1.com:57080/ifssvc/CWebServiceSajUtil</con:endpoint><con:request><![CDATA[<soapenv:Envelope xmlns:soapenv="http://schemas.xmlsoap.org/soap/envelope/" xmlns:cweb="http://cwebservicesajutil.webservices.ifsworld.com/">\r
   <soapenv:Header>\r
      <cweb:runAsIdentity>?</cweb:runAsIdentity>\r
   </soapenv:Header>\r
   <soapenv:Body>\r
      <cweb:sendResponsable>\r
         <!--Optional:-->\r
         <SajFolio>?</SajFolio>\r
         <!--Optional:-->\r
         <Responsable>?</Responsable>\r
      </cweb:sendResponsable>\r
   </soapenv:Body>\r
</soapenv:Envelope>]]></con:request><con:wsaConfig mustUnderstand="NONE" version="200508" action="http://cwebservicesajutil.webservices.ifsworld.com/CWebServiceSajUtilService/sendResponsableRequest"/></con:call></con:operation><con:operation id="9648ab0a-f988-41c3-b91b-6d4cec773072" isOneWay="false" action="" name="sendSupplierSearch" bindingOperationName="sendSupplierSearch" type="Request-Response" inputName="" receivesAttachments="false" sendsAttachments="false" anonymous="optional"><con:settings/><con:call id="e6f65140-4aec-4148-a182-3eac6aba5f00" name="Request 1"><con:settings><con:setting id="com.eviware.soapui.impl.wsdl.WsdlRequest@request-headers">&lt;xml-fragment/></con:setting></con:settings><con:encoding>UTF-8</con:encoding><con:endpoint>https://ifstst.coppels1.com:57080/ifssvc/CWebServiceSajUtil</con:endpoint><con:request><![CDATA[<soapenv:Envelope xmlns:soapenv="http://schemas.xmlsoap.org/soap/envelope/" xmlns:cweb="http://cwebservicesajutil.webservices.ifsworld.com/">\r
   <soapenv:Header>\r
      <cweb:runAsIdentity></cweb:runAsIdentity>\r
   </soapenv:Header>\r
   <soapenv:Body>\r
      <cweb:sendSupplierSearch>\r
         <!--Optional:-->\r
         <SupplierId>97416126</SupplierId>\r
      </cweb:sendSupplierSearch>\r
   </soapenv:Body>\r
</soapenv:Envelope>]]></con:request><con:credentials><con:username>90327179</con:username><con:password>Coppel1_Desarrollotst</con:password><con:selectedAuthProfile>Basic</con:selectedAuthProfile><con:addedBasicAuthenticationTypes>Basic</con:addedBasicAuthenticationTypes><con:authType>Global HTTP Settings</con:authType></con:credentials><con:jmsConfig JMSDeliveryMode="PERSISTENT"/><con:jmsPropertyConfig/><con:wsaConfig mustUnderstand="NONE" version="200508" action="http://cwebservicesajutil.webservices.ifsworld.com/CWebServiceSajUtilService/sendSupplierSearchRequest"/><con:wsrmConfig version="1.2"/></con:call></con:operation><con:operation id="07cc13b6-aa77-4533-8dfd-c4c58eb7dd64" isOneWay="false" action="" name="sendTypeAnnouncement" bindingOperationName="sendTypeAnnouncement" type="Request-Response" inputName="" receivesAttachments="false" sendsAttachments="false" anonymous="optional"><con:settings/><con:call id="a92dfc8d-6952-4d3b-8ed6-e1e0465cfc48" name="Request 1"><con:settings/><con:encoding>UTF-8</con:encoding><con:endpoint>https://ifstst.coppels1.com:57080/ifssvc/CWebServiceSajUtil</con:endpoint><con:request><![CDATA[<soapenv:Envelope xmlns:soapenv="http://schemas.xmlsoap.org/soap/envelope/" xmlns:cweb="http://cwebservicesajutil.webservices.ifsworld.com/">\r
   <soapenv:Header>\r
      <cweb:runAsIdentity>?</cweb:runAsIdentity>\r
   </soapenv:Header>\r
   <soapenv:Body>\r
      <cweb:sendTypeAnnouncement>\r
         <!--Optional:-->\r
         <AdType>?</AdType>\r
         <!--Optional:-->\r
         <AdTypeName>?</AdTypeName>\r
         <!--Optional:-->\r
         <Action>?</Action>\r
      </cweb:sendTypeAnnouncement>\r
   </soapenv:Body>\r
</soapenv:Envelope>]]></con:request><con:wsaConfig mustUnderstand="NONE" version="200508" action="http://cwebservicesajutil.webservices.ifsworld.com/CWebServiceSajUtilService/sendTypeAnnouncementRequest"/></con:call></con:operation></con:interface><con:properties/><con:wssContainer/><con:oAuth2ProfileContainer/><con:oAuth1ProfileContainer/></con:soapui-project>