<?xml version="1.0" encoding="UTF-8"?>
<con:soapui-project id="7a1efb4a-9fec-46fb-bf8a-f3685b12292d" activeEnvironment="Default" name="IFSVF" resourceRoot="" soapui-version="5.6.0" abortOnError="false" runType="SEQUENTIAL" xmlns:con="http://eviware.com/soapui/config"><con:settings/><con:interface xsi:type="con:WsdlInterface" id="3c36936f-5ca8-460e-aaa8-18faa8ef9bdd" wsaVersion="NONE" name="CWebServiceSajUtilServicePortBinding" type="wsdl" bindingName="{http://cwebservicesajutil.webservices.ifsworld.com/}CWebServiceSajUtilServicePortBinding" soapVersion="1_1" anonymous="optional" definition="https://ifstst.coppels1.com:57080/ifssvc/CWebServiceSajUtil?wsdl" xmlns:xsi="http://www.w3.org/2001/XMLSchema-instance"><con:settings/><con:definitionCache type="TEXT" rootPart="https://ifstst.coppels1.com:57080/ifssvc/CWebServiceSajUtil?wsdl"><con:part><con:url>https://ifstst.coppels1.com:57080/ifssvc/CWebServiceSajUtil?wsdl</con:url><con:content><![CDATA[<!--Published by JAX-WS RI (http://jax-ws.java.net). RI's version is JAX-WS RI 2.3.0-b170407.2038 svn-revision#2eaca54d17a59d265c6fe886b7fd0027836c766c.-->
<!--Generated by JAX-WS RI (http://jax-ws.java.net). RI's version is JAX-WS RI 2.3.0-b170407.2038 svn-revision#2eaca54d17a59d265c6fe886b7fd0027836c766c.-->
<definitions targetNamespace="http://cwebservicesajutil.webservices.ifsworld.com/" name="CWebServiceSajUtil" xmlns:wsu="http://docs.oasis-open.org/wss/2004/01/oasis-200401-wss-wssecurity-utility-1.0.xsd" xmlns:wsp="http://www.w3.org/ns/ws-policy" xmlns:wsp1_2="http://schemas.xmlsoap.org/ws/2004/09/policy" xmlns:wsam="http://www.w3.org/2007/05/addressing/metadata" xmlns:soap="http://schemas.xmlsoap.org/wsdl/soap/" xmlns:tns="http://cwebservicesajutil.webservices.ifsworld.com/" xmlns:xsd="http://www.w3.org/2001/XMLSchema" xmlns="http://schemas.xmlsoap.org/wsdl/">
  <types>
    <xsd:schema>
      <xsd:import namespace="http://cwebservicesajutil.webservices.ifsworld.com/" schemaLocation="https://ifstst.coppels1.com:57080/ifssvc/CWebServiceSajUtil?xsd=1"/>
    </xsd:schema>
  </types>
  <message name="sendPropDestination">
    <part name="parameters" element="tns:sendPropDestination"/>
    <part name="runAsIdentity" element="tns:runAsIdentity"/>
  </message>
  <message name="sendPropDestinationResponse">
    <part name="result" element="tns:sendPropDestinationResponse"/>
  </message>
  <message name="ServiceException">
    <part name="fault" element="tns:ServiceException"/>
  </message>
  <message name="sendSupplierSearch">
    <part name="parameters" element="tns:sendSupplierSearch"/>
    <part name="runAsIdentity" element="tns:runAsIdentity"/>
  </message>
  <message name="sendSupplierSearchResponse">
    <part name="result" element="tns:sendSupplierSearchResponse"/>
  </message>
  <message name="sendTypeAnnouncement">
    <part name="parameters" element="tns:sendTypeAnnouncement"/>
    <part name="runAsIdentity" element="tns:runAsIdentity"/>
  </message>
  <message name="sendTypeAnnouncementResponse">
    <part name="result" element="tns:sendTypeAnnouncementResponse"/>
  </message>
  <message name="sendApproveOrRejectDocument">
    <part name="parameters" element="tns:sendApproveOrRejectDocument"/>
    <part name="runAsIdentity" element="tns:runAsIdentity"/>
  </message>
  <message name="sendApproveOrRejectDocumentResponse">
    <part name="result" element="tns:sendApproveOrRejectDocumentResponse"/>
  </message>
  <message name="sendApproveOrRejectDocument2">
    <part name="parameters" element="tns:sendApproveOrRejectDocument2"/>
    <part name="runAsIdentity" element="tns:runAsIdentity"/>
  </message>
  <message name="sendApproveOrRejectDocument2Response">
    <part name="result" element="tns:sendApproveOrRejectDocument2Response"/>
  </message>
  <message name="sendProjectSearch">
    <part name="parameters" element="tns:sendProjectSearch"/>
    <part name="runAsIdentity" element="tns:runAsIdentity"/>
  </message>
  <message name="sendProjectSearchResponse">
    <part name="result" element="tns:sendProjectSearchResponse"/>
  </message>
  <message name="sendOpportunityLocation">
    <part name="parameters" element="tns:sendOpportunityLocation"/>
    <part name="runAsIdentity" element="tns:runAsIdentity"/>
  </message>
  <message name="sendOpportunityLocationResponse">
    <part name="result" element="tns:sendOpportunityLocationResponse"/>
  </message>
  <message name="closeFolio">
    <part name="parameters" element="tns:closeFolio"/>
    <part name="runAsIdentity" element="tns:runAsIdentity"/>
  </message>
  <message name="closeFolioResponse">
    <part name="result" element="tns:closeFolioResponse"/>
  </message>
  <message name="sendModifySaj">
    <part name="parameters" element="tns:sendModifySaj"/>
    <part name="runAsIdentity" element="tns:runAsIdentity"/>
  </message>
  <message name="sendModifySajResponse">
    <part name="result" element="tns:sendModifySajResponse"/>
  </message>
  <message name="addFileInPackage">
    <part name="parameters" element="tns:addFileInPackage"/>
    <part name="runAsIdentity" element="tns:runAsIdentity"/>
  </message>
  <message name="addFileInPackageResponse">
    <part name="result" element="tns:addFileInPackageResponse"/>
  </message>
  <message name="sendPersonSearch">
    <part name="parameters" element="tns:sendPersonSearch"/>
    <part name="runAsIdentity" element="tns:runAsIdentity"/>
  </message>
  <message name="sendPersonSearchResponse">
    <part name="result" element="tns:sendPersonSearchResponse"/>
  </message>
  <message name="sendAddress">
    <part name="parameters" element="tns:sendAddress"/>
    <part name="runAsIdentity" element="tns:runAsIdentity"/>
  </message>
  <message name="sendAddressResponse">
    <part name="result" element="tns:sendAddressResponse"/>
  </message>
  <message name="sendResponsable">
    <part name="parameters" element="tns:sendResponsable"/>
    <part name="runAsIdentity" element="tns:runAsIdentity"/>
  </message>
  <message name="sendResponsableResponse">
    <part name="result" element="tns:sendResponsableResponse"/>
  </message>
  <message name="sendFolio">
    <part name="parameters" element="tns:sendFolio"/>
    <part name="runAsIdentity" element="tns:runAsIdentity"/>
  </message>
  <message name="sendFolioResponse">
    <part name="result" element="tns:sendFolioResponse"/>
  </message>
  <portType name="CWebServiceSajUtilService">
    <operation name="sendPropDestination" parameterOrder="parameters runAsIdentity">
      <input wsam:Action="http://cwebservicesajutil.webservices.ifsworld.com/CWebServiceSajUtilService/sendPropDestinationRequest" message="tns:sendPropDestination"/>
      <output wsam:Action="http://cwebservicesajutil.webservices.ifsworld.com/CWebServiceSajUtilService/sendPropDestinationResponse" message="tns:sendPropDestinationResponse"/>
      <fault message="tns:ServiceException" name="ServiceException" wsam:Action="http://cwebservicesajutil.webservices.ifsworld.com/CWebServiceSajUtilService/sendPropDestination/Fault/ServiceException"/>
    </operation>
    <operation name="sendSupplierSearch" parameterOrder="parameters runAsIdentity">
      <input wsam:Action="http://cwebservicesajutil.webservices.ifsworld.com/CWebServiceSajUtilService/sendSupplierSearchRequest" message="tns:sendSupplierSearch"/>
      <output wsam:Action="http://cwebservicesajutil.webservices.ifsworld.com/CWebServiceSajUtilService/sendSupplierSearchResponse" message="tns:sendSupplierSearchResponse"/>
      <fault message="tns:ServiceException" name="ServiceException" wsam:Action="http://cwebservicesajutil.webservices.ifsworld.com/CWebServiceSajUtilService/sendSupplierSearch/Fault/ServiceException"/>
    </operation>
    <operation name="sendTypeAnnouncement" parameterOrder="parameters runAsIdentity">
      <input wsam:Action="http://cwebservicesajutil.webservices.ifsworld.com/CWebServiceSajUtilService/sendTypeAnnouncementRequest" message="tns:sendTypeAnnouncement"/>
      <output wsam:Action="http://cwebservicesajutil.webservices.ifsworld.com/CWebServiceSajUtilService/sendTypeAnnouncementResponse" message="tns:sendTypeAnnouncementResponse"/>
      <fault message="tns:ServiceException" name="ServiceException" wsam:Action="http://cwebservicesajutil.webservices.ifsworld.com/CWebServiceSajUtilService/sendTypeAnnouncement/Fault/ServiceException"/>
    </operation>
    <operation name="sendApproveOrRejectDocument" parameterOrder="parameters runAsIdentity">
      <input wsam:Action="http://cwebservicesajutil.webservices.ifsworld.com/CWebServiceSajUtilService/sendApproveOrRejectDocumentRequest" message="tns:sendApproveOrRejectDocument"/>
      <output wsam:Action="http://cwebservicesajutil.webservices.ifsworld.com/CWebServiceSajUtilService/sendApproveOrRejectDocumentResponse" message="tns:sendApproveOrRejectDocumentResponse"/>
      <fault message="tns:ServiceException" name="ServiceException" wsam:Action="http://cwebservicesajutil.webservices.ifsworld.com/CWebServiceSajUtilService/sendApproveOrRejectDocument/Fault/ServiceException"/>
    </operation>
    <operation name="sendApproveOrRejectDocument2" parameterOrder="parameters runAsIdentity">
      <input wsam:Action="http://cwebservicesajutil.webservices.ifsworld.com/CWebServiceSajUtilService/sendApproveOrRejectDocument2Request" message="tns:sendApproveOrRejectDocument2"/>
      <output wsam:Action="http://cwebservicesajutil.webservices.ifsworld.com/CWebServiceSajUtilService/sendApproveOrRejectDocument2Response" message="tns:sendApproveOrRejectDocument2Response"/>
      <fault message="tns:ServiceException" name="ServiceException" wsam:Action="http://cwebservicesajutil.webservices.ifsworld.com/CWebServiceSajUtilService/sendApproveOrRejectDocument2/Fault/ServiceException"/>
    </operation>
    <operation name="sendProjectSearch" parameterOrder="parameters runAsIdentity">
      <input wsam:Action="http://cwebservicesajutil.webservices.ifsworld.com/CWebServiceSajUtilService/sendProjectSearchRequest" message="tns:sendProjectSearch"/>
      <output wsam:Action="http://cwebservicesajutil.webservices.ifsworld.com/CWebServiceSajUtilService/sendProjectSearchResponse" message="tns:sendProjectSearchResponse"/>
      <fault message="tns:ServiceException" name="ServiceException" wsam:Action="http://cwebservicesajutil.webservices.ifsworld.com/CWebServiceSajUtilService/sendProjectSearch/Fault/ServiceException"/>
    </operation>
    <operation name="sendOpportunityLocation" parameterOrder="parameters runAsIdentity">
      <input wsam:Action="http://cwebservicesajutil.webservices.ifsworld.com/CWebServiceSajUtilService/sendOpportunityLocationRequest" message="tns:sendOpportunityLocation"/>
      <output wsam:Action="http://cwebservicesajutil.webservices.ifsworld.com/CWebServiceSajUtilService/sendOpportunityLocationResponse" message="tns:sendOpportunityLocationResponse"/>
      <fault message="tns:ServiceException" name="ServiceException" wsam:Action="http://cwebservicesajutil.webservices.ifsworld.com/CWebServiceSajUtilService/sendOpportunityLocation/Fault/ServiceException"/>
    </operation>
    <operation name="closeFolio" parameterOrder="parameters runAsIdentity">
      <input wsam:Action="http://cwebservicesajutil.webservices.ifsworld.com/CWebServiceSajUtilService/closeFolioRequest" message="tns:closeFolio"/>
      <output wsam:Action="http://cwebservicesajutil.webservices.ifsworld.com/CWebServiceSajUtilService/closeFolioResponse" message="tns:closeFolioResponse"/>
      <fault message="tns:ServiceException" name="ServiceException" wsam:Action="http://cwebservicesajutil.webservices.ifsworld.com/CWebServiceSajUtilService/closeFolio/Fault/ServiceException"/>
    </operation>
    <operation name="sendModifySaj" parameterOrder="parameters runAsIdentity">
      <input wsam:Action="http://cwebservicesajutil.webservices.ifsworld.com/CWebServiceSajUtilService/sendModifySajRequest" message="tns:sendModifySaj"/>
      <output wsam:Action="http://cwebservicesajutil.webservices.ifsworld.com/CWebServiceSajUtilService/sendModifySajResponse" message="tns:sendModifySajResponse"/>
      <fault message="tns:ServiceException" name="ServiceException" wsam:Action="http://cwebservicesajutil.webservices.ifsworld.com/CWebServiceSajUtilService/sendModifySaj/Fault/ServiceException"/>
    </operation>
    <operation name="addFileInPackage" parameterOrder="parameters runAsIdentity">
      <input wsam:Action="http://cwebservicesajutil.webservices.ifsworld.com/CWebServiceSajUtilService/addFileInPackageRequest" message="tns:addFileInPackage"/>
      <output wsam:Action="http://cwebservicesajutil.webservices.ifsworld.com/CWebServiceSajUtilService/addFileInPackageResponse" message="tns:addFileInPackageResponse"/>
      <fault message="tns:ServiceException" name="ServiceException" wsam:Action="http://cwebservicesajutil.webservices.ifsworld.com/CWebServiceSajUtilService/addFileInPackage/Fault/ServiceException"/>
    </operation>
    <operation name="sendPersonSearch" parameterOrder="parameters runAsIdentity">
      <input wsam:Action="http://cwebservicesajutil.webservices.ifsworld.com/CWebServiceSajUtilService/sendPersonSearchRequest" message="tns:sendPersonSearch"/>
      <output wsam:Action="http://cwebservicesajutil.webservices.ifsworld.com/CWebServiceSajUtilService/sendPersonSearchResponse" message="tns:sendPersonSearchResponse"/>
      <fault message="tns:ServiceException" name="ServiceException" wsam:Action="http://cwebservicesajutil.webservices.ifsworld.com/CWebServiceSajUtilService/sendPersonSearch/Fault/ServiceException"/>
    </operation>
    <operation name="sendAddress" parameterOrder="parameters runAsIdentity">
      <input wsam:Action="http://cwebservicesajutil.webservices.ifsworld.com/CWebServiceSajUtilService/sendAddressRequest" message="tns:sendAddress"/>
      <output wsam:Action="http://cwebservicesajutil.webservices.ifsworld.com/CWebServiceSajUtilService/sendAddressResponse" message="tns:sendAddressResponse"/>
      <fault message="tns:ServiceException" name="ServiceException" wsam:Action="http://cwebservicesajutil.webservices.ifsworld.com/CWebServiceSajUtilService/sendAddress/Fault/ServiceException"/>
    </operation>
    <operation name="sendResponsable" parameterOrder="parameters runAsIdentity">
      <input wsam:Action="http://cwebservicesajutil.webservices.ifsworld.com/CWebServiceSajUtilService/sendResponsableRequest" message="tns:sendResponsable"/>
      <output wsam:Action="http://cwebservicesajutil.webservices.ifsworld.com/CWebServiceSajUtilService/sendResponsableResponse" message="tns:sendResponsableResponse"/>
      <fault message="tns:ServiceException" name="ServiceException" wsam:Action="http://cwebservicesajutil.webservices.ifsworld.com/CWebServiceSajUtilService/sendResponsable/Fault/ServiceException"/>
    </operation>
    <operation name="sendFolio" parameterOrder="parameters runAsIdentity">
      <input wsam:Action="http://cwebservicesajutil.webservices.ifsworld.com/CWebServiceSajUtilService/sendFolioRequest" message="tns:sendFolio"/>
      <output wsam:Action="http://cwebservicesajutil.webservices.ifsworld.com/CWebServiceSajUtilService/sendFolioResponse" message="tns:sendFolioResponse"/>
      <fault message="tns:ServiceException" name="ServiceException" wsam:Action="http://cwebservicesajutil.webservices.ifsworld.com/CWebServiceSajUtilService/sendFolio/Fault/ServiceException"/>
    </operation>
  </portType>
  <binding name="CWebServiceSajUtilServicePortBinding" type="tns:CWebServiceSajUtilService">
    <soap:binding transport="http://schemas.xmlsoap.org/soap/http" style="document"/>
    <operation name="sendPropDestination">
      <soap:operation soapAction=""/>
      <input>
        <soap:body use="literal" parts="parameters"/>
        <soap:header message="tns:sendPropDestination" part="runAsIdentity" use="literal"/>
      </input>
      <output>
        <soap:body use="literal"/>
      </output>
      <fault name="ServiceException">
        <soap:fault name="ServiceException" use="literal"/>
      </fault>
    </operation>
    <operation name="sendSupplierSearch">
      <soap:operation soapAction=""/>
      <input>
        <soap:body use="literal" parts="parameters"/>
        <soap:header message="tns:sendSupplierSearch" part="runAsIdentity" use="literal"/>
      </input>
      <output>
        <soap:body use="literal"/>
      </output>
      <fault name="ServiceException">
        <soap:fault name="ServiceException" use="literal"/>
      </fault>
    </operation>
    <operation name="sendTypeAnnouncement">
      <soap:operation soapAction=""/>
      <input>
        <soap:body use="literal" parts="parameters"/>
        <soap:header message="tns:sendTypeAnnouncement" part="runAsIdentity" use="literal"/>
      </input>
      <output>
        <soap:body use="literal"/>
      </output>
      <fault name="ServiceException">
        <soap:fault name="ServiceException" use="literal"/>
      </fault>
    </operation>
    <operation name="sendApproveOrRejectDocument">
      <soap:operation soapAction=""/>
      <input>
        <soap:body use="literal" parts="parameters"/>
        <soap:header message="tns:sendApproveOrRejectDocument" part="runAsIdentity" use="literal"/>
      </input>
      <output>
        <soap:body use="literal"/>
      </output>
      <fault name="ServiceException">
        <soap:fault name="ServiceException" use="literal"/>
      </fault>
    </operation>
    <operation name="sendApproveOrRejectDocument2">
      <soap:operation soapAction=""/>
      <input>
        <soap:body use="literal" parts="parameters"/>
        <soap:header message="tns:sendApproveOrRejectDocument2" part="runAsIdentity" use="literal"/>
      </input>
      <output>
        <soap:body use="literal"/>
      </output>
      <fault name="ServiceException">
        <soap:fault name="ServiceException" use="literal"/>
      </fault>
    </operation>
    <operation name="sendProjectSearch">
      <soap:operation soapAction=""/>
      <input>
        <soap:body use="literal" parts="parameters"/>
        <soap:header message="tns:sendProjectSearch" part="runAsIdentity" use="literal"/>
      </input>
      <output>
        <soap:body use="literal"/>
      </output>
      <fault name="ServiceException">
        <soap:fault name="ServiceException" use="literal"/>
      </fault>
    </operation>
    <operation name="sendOpportunityLocation">
      <soap:operation soapAction=""/>
      <input>
        <soap:body use="literal" parts="parameters"/>
        <soap:header message="tns:sendOpportunityLocation" part="runAsIdentity" use="literal"/>
      </input>
      <output>
        <soap:body use="literal"/>
      </output>
      <fault name="ServiceException">
        <soap:fault name="ServiceException" use="literal"/>
      </fault>
    </operation>
    <operation name="closeFolio">
      <soap:operation soapAction=""/>
      <input>
        <soap:body use="literal" parts="parameters"/>
        <soap:header message="tns:closeFolio" part="runAsIdentity" use="literal"/>
      </input>
      <output>
        <soap:body use="literal"/>
      </output>
      <fault name="ServiceException">
        <soap:fault name="ServiceException" use="literal"/>
      </fault>
    </operation>
    <operation name="sendModifySaj">
      <soap:operation soapAction=""/>
      <input>
        <soap:body use="literal" parts="parameters"/>
        <soap:header message="tns:sendModifySaj" part="runAsIdentity" use="literal"/>
      </input>
      <output>
        <soap:body use="literal"/>
      </output>
      <fault name="ServiceException">
        <soap:fault name="ServiceException" use="literal"/>
      </fault>
    </operation>
    <operation name="addFileInPackage">
      <soap:operation soapAction=""/>
      <input>
        <soap:body use="literal" parts="parameters"/>
        <soap:header message="tns:addFileInPackage" part="runAsIdentity" use="literal"/>
      </input>
      <output>
        <soap:body use="literal"/>
      </output>
      <fault name="ServiceException">
        <soap:fault name="ServiceException" use="literal"/>
      </fault>
    </operation>
    <operation name="sendPersonSearch">
      <soap:operation soapAction=""/>
      <input>
        <soap:body use="literal" parts="parameters"/>
        <soap:header message="tns:sendPersonSearch" part="runAsIdentity" use="literal"/>
      </input>
      <output>
        <soap:body use="literal"/>
      </output>
      <fault name="ServiceException">
        <soap:fault name="ServiceException" use="literal"/>
      </fault>
    </operation>
    <operation name="sendAddress">
      <soap:operation soapAction=""/>
      <input>
        <soap:body use="literal" parts="parameters"/>
        <soap:header message="tns:sendAddress" part="runAsIdentity" use="literal"/>
      </input>
      <output>
        <soap:body use="literal"/>
      </output>
      <fault name="ServiceException">
        <soap:fault name="ServiceException" use="literal"/>
      </fault>
    </operation>
    <operation name="sendResponsable">
      <soap:operation soapAction=""/>
      <input>
        <soap:body use="literal" parts="parameters"/>
        <soap:header message="tns:sendResponsable" part="runAsIdentity" use="literal"/>
      </input>
      <output>
        <soap:body use="literal"/>
      </output>
      <fault name="ServiceException">
        <soap:fault name="ServiceException" use="literal"/>
      </fault>
    </operation>
    <operation name="sendFolio">
      <soap:operation soapAction=""/>
      <input>
        <soap:body use="literal" parts="parameters"/>
        <soap:header message="tns:sendFolio" part="runAsIdentity" use="literal"/>
      </input>
      <output>
        <soap:body use="literal"/>
      </output>
      <fault name="ServiceException">
        <soap:fault name="ServiceException" use="literal"/>
      </fault>
    </operation>
  </binding>
  <service name="CWebServiceSajUtil">
    <port name="CWebServiceSajUtilServicePort" binding="tns:CWebServiceSajUtilServicePortBinding">
      <soap:address location="https://ifstst.coppels1.com:57080/ifssvc/CWebServiceSajUtil"/>
    </port>
  </service>
</definitions>]]></con:content><con:type>http://schemas.xmlsoap.org/wsdl/</con:type></con:part><con:part><con:url>https://ifstst.coppels1.com:57080/ifssvc/CWebServiceSajUtil?xsd=1</con:url><con:content><![CDATA[<!--Published by JAX-WS RI (http://jax-ws.java.net). RI's version is JAX-WS RI 2.3.0-b170407.2038 svn-revision#2eaca54d17a59d265c6fe886b7fd0027836c766c.-->
<xsd:schema targetNamespace="http://cwebservicesajutil.webservices.ifsworld.com/" xmlns:ns0="http://cwebservicesajutil.webservices.ifsworld.com/" xmlns:xsd="http://www.w3.org/2001/XMLSchema">
  <xsd:complexType name="addFileInPackage">
    <xsd:sequence>
      <xsd:element name="SajFolioNo" type="xsd:decimal" minOccurs="0"/>
      <xsd:element name="SajFileName" type="xsd:string" minOccurs="0"/>
      <xsd:element name="SajFileType" type="xsd:string" minOccurs="0"/>
      <xsd:element name="SajFileClass" type="xsd:string" minOccurs="0"/>
      <xsd:element name="SajFile" type="xsd:base64Binary" minOccurs="0" nillable="true"/>
    </xsd:sequence>
  </xsd:complexType>
  <xsd:complexType name="addFileInPackageResponse">
    <xsd:sequence>
      <xsd:element name="return" type="xsd:string" minOccurs="0"/>
    </xsd:sequence>
  </xsd:complexType>
  <xsd:complexType name="closeFolio">
    <xsd:sequence>
      <xsd:element name="SajFolioNo" type="xsd:decimal" minOccurs="0"/>
      <xsd:element name="ClaspType" type="xsd:string" minOccurs="0"/>
      <xsd:element name="DeadLine" type="xsd:string" minOccurs="0"/>
      <xsd:element name="ClosingForm" type="xsd:string" minOccurs="0"/>
    </xsd:sequence>
  </xsd:complexType>
  <xsd:complexType name="closeFolioResponse">
    <xsd:sequence>
      <xsd:element name="return" type="xsd:string" minOccurs="0"/>
    </xsd:sequence>
  </xsd:complexType>
  <xsd:complexType name="sendAddress">
    <xsd:sequence>
      <xsd:element name="InmuebleNumero" type="xsd:string" minOccurs="0"/>
      <xsd:element name="TypeRoadsId" type="xsd:string" minOccurs="0"/>
      <xsd:element name="RoadName" type="xsd:string" minOccurs="0"/>
      <xsd:element name="OutdoorNumber" type="xsd:string" minOccurs="0"/>
      <xsd:element name="InteriorNumber" type="xsd:string" minOccurs="0"/>
      <xsd:element name="BetweenStreet" type="xsd:string" minOccurs="0"/>
      <xsd:element name="AndStreet" type="xsd:string" minOccurs="0"/>
      <xsd:element name="CornerWith" type="xsd:string" minOccurs="0"/>
      <xsd:element name="Colony" type="xsd:string" minOccurs="0"/>
      <xsd:element name="PostalCode" type="xsd:decimal" minOccurs="0"/>
      <xsd:element name="MunicipalityId" type="xsd:string" minOccurs="0"/>
      <xsd:element name="CityId" type="xsd:string" minOccurs="0"/>
      <xsd:element name="StateId" type="xsd:string" minOccurs="0"/>
    </xsd:sequence>
  </xsd:complexType>
  <xsd:complexType name="sendAddressResponse">
    <xsd:sequence>
      <xsd:element name="return" type="xsd:string" minOccurs="0"/>
    </xsd:sequence>
  </xsd:complexType>
  <xsd:complexType name="sendApproveOrRejectDocument">
    <xsd:sequence>
      <xsd:element name="StepNo" type="xsd:string" minOccurs="0"/>
      <xsd:element name="SajFolio" type="xsd:string" minOccurs="0"/>
      <xsd:element name="SucessSaj" type="xsd:decimal" minOccurs="0"/>
      <xsd:element name="PersonId" type="xsd:string" minOccurs="0"/>
      <xsd:element name="ApprovalStatus" type="xsd:string" minOccurs="0"/>
      <xsd:element name="Note" type="xsd:string" minOccurs="0"/>
    </xsd:sequence>
  </xsd:complexType>
  <xsd:complexType name="sendApproveOrRejectDocument2">
    <xsd:sequence>
      <xsd:element name="StepNo" type="xsd:string" minOccurs="0"/>
      <xsd:element name="SajFolio" type="xsd:string" minOccurs="0"/>
      <xsd:element name="SucessSaj" type="xsd:decimal" minOccurs="0"/>
      <xsd:element name="PersonId" type="xsd:string" minOccurs="0"/>
      <xsd:element name="ApprovalStatus" type="xsd:string" minOccurs="0"/>
      <xsd:element name="Note" type="xsd:string" minOccurs="0"/>
      <xsd:element name="InmuebleNumero" type="xsd:string" minOccurs="0"/>
      <xsd:element name="CommentLegal" type="xsd:string" minOccurs="0"/>
    </xsd:sequence>
  </xsd:complexType>
  <xsd:complexType name="sendApproveOrRejectDocument2Response">
    <xsd:sequence>
      <xsd:element name="return" type="xsd:string" minOccurs="0"/>
    </xsd:sequence>
  </xsd:complexType>
  <xsd:complexType name="sendApproveOrRejectDocumentResponse">
    <xsd:sequence>
      <xsd:element name="return" type="xsd:string" minOccurs="0"/>
    </xsd:sequence>
  </xsd:complexType>
  <xsd:complexType name="sendFolio">
    <xsd:sequence>
      <xsd:element name="Folio" type="xsd:string" minOccurs="0"/>
      <xsd:element name="FolioNuevo" type="xsd:string" minOccurs="0"/>
      <xsd:element name="InmuebleNumero" type="xsd:string" minOccurs="0"/>
    </xsd:sequence>
  </xsd:complexType>
  <xsd:complexType name="sendFolioResponse">
    <xsd:sequence>
      <xsd:element name="return" type="xsd:string" minOccurs="0"/>
    </xsd:sequence>
  </xsd:complexType>
  <xsd:complexType name="sendModifySaj">
    <xsd:sequence>
      <xsd:element name="SajFolio" type="xsd:decimal" minOccurs="0"/>
      <xsd:element name="StateId" type="xsd:string" minOccurs="0"/>
      <xsd:element name="CityId" type="xsd:string" minOccurs="0"/>
      <xsd:element name="IdEfilialSaj" type="xsd:decimal" minOccurs="0"/>
      <xsd:element name="CenterId" type="xsd:string" minOccurs="0"/>
      <xsd:element name="RegionId" type="xsd:string" minOccurs="0"/>
      <xsd:element name="Responsible" type="xsd:string" minOccurs="0"/>
      <xsd:element name="CountyId" type="xsd:string" minOccurs="0"/>
    </xsd:sequence>
  </xsd:complexType>
  <xsd:complexType name="sendModifySajResponse">
    <xsd:sequence>
      <xsd:element name="return" type="xsd:string" minOccurs="0"/>
    </xsd:sequence>
  </xsd:complexType>
  <xsd:complexType name="sendOpportunityLocation">
    <xsd:sequence>
      <xsd:element name="SajFolio" type="xsd:decimal" minOccurs="0"/>
      <xsd:element name="OpportunityCode" type="xsd:string" minOccurs="0"/>
      <xsd:element name="AddressId" type="xsd:string" minOccurs="0"/>
      <xsd:element name="TypeRoadsId" type="xsd:string" minOccurs="0"/>
      <xsd:element name="RoadName" type="xsd:string" minOccurs="0"/>
      <xsd:element name="OutdoorNumber" type="xsd:string" minOccurs="0"/>
      <xsd:element name="InteriorNumber" type="xsd:string" minOccurs="0"/>
      <xsd:element name="BetweenStreet" type="xsd:string" minOccurs="0"/>
      <xsd:element name="AndStreet" type="xsd:string" minOccurs="0"/>
      <xsd:element name="CornerWith" type="xsd:string" minOccurs="0"/>
      <xsd:element name="Colony" type="xsd:string" minOccurs="0"/>
      <xsd:element name="PostalCode" type="xsd:decimal" minOccurs="0"/>
      <xsd:element name="MunicipalityId" type="xsd:string" minOccurs="0"/>
      <xsd:element name="CityId" type="xsd:string" minOccurs="0"/>
      <xsd:element name="StateId" type="xsd:string" minOccurs="0"/>
      <xsd:element name="TypeNegotiation" type="xsd:string" minOccurs="0"/>
      <xsd:element name="LegalRepresentative" type="xsd:string" minOccurs="0"/>
      <xsd:element name="ExpansionBuyer" type="xsd:string" minOccurs="0"/>
      <xsd:element name="ExpansionBuyerEmail" type="xsd:string" minOccurs="0"/>
      <xsd:element name="RegionalPropertyManager" type="xsd:string" minOccurs="0"/>
      <xsd:element name="RegionalPropManagerEmail" type="xsd:string" minOccurs="0"/>
      <xsd:element name="DestinationId" type="xsd:string" minOccurs="0"/>
      <xsd:element name="MainContact" type="xsd:string" minOccurs="0"/>
      <xsd:element name="MainRepresentativeId" type="xsd:string" minOccurs="0"/>
      <xsd:element name="ContractingId" type="xsd:decimal" minOccurs="0"/>
      <xsd:element name="OperatingAmount" type="xsd:string" minOccurs="0"/>
      <xsd:element name="IntegrationProject" type="xsd:decimal" minOccurs="0"/>
      <xsd:element name="RegionId" type="xsd:string" minOccurs="0"/>
    </xsd:sequence>
  </xsd:complexType>
  <xsd:complexType name="sendOpportunityLocationResponse">
    <xsd:sequence>
      <xsd:element name="return" type="xsd:string" minOccurs="0"/>
    </xsd:sequence>
  </xsd:complexType>
  <xsd:complexType name="sendPersonSearch">
    <xsd:sequence>
      <xsd:element name="PersonId" type="xsd:string" minOccurs="0"/>
    </xsd:sequence>
  </xsd:complexType>
  <xsd:complexType name="sendPersonSearchResponse">
    <xsd:sequence>
      <xsd:element name="return" type="xsd:string" minOccurs="0"/>
    </xsd:sequence>
  </xsd:complexType>
  <xsd:complexType name="sendProjectSearch">
    <xsd:sequence>
      <xsd:element name="ProgramId" type="xsd:string" minOccurs="0"/>
    </xsd:sequence>
  </xsd:complexType>
  <xsd:complexType name="sendProjectSearchResponse">
    <xsd:sequence>
      <xsd:element name="return" type="xsd:string" minOccurs="0"/>
    </xsd:sequence>
  </xsd:complexType>
  <xsd:complexType name="sendPropDestination">
    <xsd:sequence>
      <xsd:element name="PropertiesDestination" type="xsd:decimal" minOccurs="0"/>
      <xsd:element name="PropertiesDestName" type="xsd:string" minOccurs="0"/>
      <xsd:element name="Action" type="xsd:string" minOccurs="0"/>
    </xsd:sequence>
  </xsd:complexType>
  <xsd:complexType name="sendPropDestinationResponse">
    <xsd:sequence>
      <xsd:element name="return" type="xsd:string" minOccurs="0"/>
    </xsd:sequence>
  </xsd:complexType>
  <xsd:complexType name="sendResponsable">
    <xsd:sequence>
      <xsd:element name="SajFolio" type="xsd:decimal" minOccurs="0"/>
      <xsd:element name="Responsable" type="xsd:string" minOccurs="0"/>
    </xsd:sequence>
  </xsd:complexType>
  <xsd:complexType name="sendResponsableResponse">
    <xsd:sequence>
      <xsd:element name="return" type="xsd:string" minOccurs="0"/>
    </xsd:sequence>
  </xsd:complexType>
  <xsd:complexType name="sendSupplierSearch">
    <xsd:sequence>
      <xsd:element name="SupplierId" type="xsd:string" minOccurs="0"/>
    </xsd:sequence>
  </xsd:complexType>
  <xsd:complexType name="sendSupplierSearchResponse">
    <xsd:sequence>
      <xsd:element name="return" type="xsd:string" minOccurs="0"/>
    </xsd:sequence>
  </xsd:complexType>
  <xsd:complexType name="sendTypeAnnouncement">
    <xsd:sequence>
      <xsd:element name="AdType" type="xsd:decimal" minOccurs="0"/>
      <xsd:element name="AdTypeName" type="xsd:string" minOccurs="0"/>
      <xsd:element name="Action" type="xsd:string" minOccurs="0"/>
    </xsd:sequence>
  </xsd:complexType>
  <xsd:complexType name="sendTypeAnnouncementResponse">
    <xsd:sequence>
      <xsd:element name="return" type="xsd:string" minOccurs="0"/>
    </xsd:sequence>
  </xsd:complexType>
  <xsd:complexType name="ServiceException">
    <xsd:sequence>
      <xsd:element name="extraInfo" type="xsd:string" minOccurs="0"/>
      <xsd:element name="message" type="xsd:string" minOccurs="0"/>
      <xsd:element name="type" type="xsd:string" minOccurs="0"/>
    </xsd:sequence>
  </xsd:complexType>
  <xsd:element name="addFileInPackage" type="ns0:addFileInPackage"/>
  <xsd:element name="addFileInPackageResponse" type="ns0:addFileInPackageResponse"/>
  <xsd:element name="closeFolio" type="ns0:closeFolio"/>
  <xsd:element name="closeFolioResponse" type="ns0:closeFolioResponse"/>
  <xsd:element name="sendAddress" type="ns0:sendAddress"/>
  <xsd:element name="sendAddressResponse" type="ns0:sendAddressResponse"/>
  <xsd:element name="sendApproveOrRejectDocument" type="ns0:sendApproveOrRejectDocument"/>
  <xsd:element name="sendApproveOrRejectDocument2" type="ns0:sendApproveOrRejectDocument2"/>
  <xsd:element name="sendApproveOrRejectDocument2Response" type="ns0:sendApproveOrRejectDocument2Response"/>
  <xsd:element name="sendApproveOrRejectDocumentResponse" type="ns0:sendApproveOrRejectDocumentResponse"/>
  <xsd:element name="sendFolio" type="ns0:sendFolio"/>
  <xsd:element name="sendFolioResponse" type="ns0:sendFolioResponse"/>
  <xsd:element name="sendModifySaj" type="ns0:sendModifySaj"/>
  <xsd:element name="sendModifySajResponse" type="ns0:sendModifySajResponse"/>
  <xsd:element name="sendOpportunityLocation" type="ns0:sendOpportunityLocation"/>
  <xsd:element name="sendOpportunityLocationResponse" type="ns0:sendOpportunityLocationResponse"/>
  <xsd:element name="sendPersonSearch" type="ns0:sendPersonSearch"/>
  <xsd:element name="sendPersonSearchResponse" type="ns0:sendPersonSearchResponse"/>
  <xsd:element name="sendProjectSearch" type="ns0:sendProjectSearch"/>
  <xsd:element name="sendProjectSearchResponse" type="ns0:sendProjectSearchResponse"/>
  <xsd:element name="sendPropDestination" type="ns0:sendPropDestination"/>
  <xsd:element name="sendPropDestinationResponse" type="ns0:sendPropDestinationResponse"/>
  <xsd:element name="sendResponsable" type="ns0:sendResponsable"/>
  <xsd:element name="sendResponsableResponse" type="ns0:sendResponsableResponse"/>
  <xsd:element name="sendSupplierSearch" type="ns0:sendSupplierSearch"/>
  <xsd:element name="sendSupplierSearchResponse" type="ns0:sendSupplierSearchResponse"/>
  <xsd:element name="sendTypeAnnouncement" type="ns0:sendTypeAnnouncement"/>
  <xsd:element name="sendTypeAnnouncementResponse" type="ns0:sendTypeAnnouncementResponse"/>
  <xsd:element name="ServiceException" type="ns0:ServiceException"/>
  <xsd:element name="runAsIdentity" type="xsd:string" nillable="true"/>
</xsd:schema>]]></con:content><con:type>http://www.w3.org/2001/XMLSchema</con:type></con:part></con:definitionCache><con:endpoints><con:endpoint>https://ifstst.coppels1.com:57080/ifssvc/CWebServiceSajUtil</con:endpoint></con:endpoints><con:operation id="abf4a3c3-c2a2-43df-820f-a85f08f3b724" isOneWay="false" action="" name="addFileInPackage" bindingOperationName="addFileInPackage" type="Request-Response" inputName="" receivesAttachments="false" sendsAttachments="false" anonymous="optional"><con:settings/><con:call id="8247c699-11ee-40ba-898f-4f776dcc898b" name="Request 1"><con:settings/><con:encoding>UTF-8</con:encoding><con:endpoint>https://ifstst.coppels1.com:57080/ifssvc/CWebServiceSajUtil</con:endpoint><con:request><![CDATA[<soapenv:Envelope xmlns:soapenv="http://schemas.xmlsoap.org/soap/envelope/" xmlns:cweb="http://cwebservicesajutil.webservices.ifsworld.com/">\r
   <soapenv:Header>\r
      <cweb:runAsIdentity>?</cweb:runAsIdentity>\r
   </soapenv:Header>\r
   <soapenv:Body>\r
      <cweb:addFileInPackage>\r
         <!--Optional:-->\r
         <SajFolioNo>?</SajFolioNo>\r
         <!--Optional:-->\r
         <SajFileName>?</SajFileName>\r
         <!--Optional:-->\r
         <SajFileType>?</SajFileType>\r
         <!--Optional:-->\r
         <SajFileClass>?</SajFileClass>\r
         <!--Optional:-->\r
         <SajFile>cid:614797689899</SajFile>\r
      </cweb:addFileInPackage>\r
   </soapenv:Body>\r
</soapenv:Envelope>]]></con:request><con:credentials><con:authType>No Authorization</con:authType></con:credentials><con:jmsConfig JMSDeliveryMode="PERSISTENT"/><con:jmsPropertyConfig/><con:wsaConfig mustUnderstand="NONE" version="200508" action="http://cwebservicesajutil.webservices.ifsworld.com/CWebServiceSajUtilService/addFileInPackageRequest"/><con:wsrmConfig version="1.2"/></con:call></con:operation><con:operation id="9e64300f-e427-47d0-be32-2e98954d8941" isOneWay="false" action="" name="closeFolio" bindingOperationName="closeFolio" type="Request-Response" inputName="" receivesAttachments="false" sendsAttachments="false" anonymous="optional"><con:settings/><con:call id="e3ae97ae-2cc6-4a48-bd6f-b625c2d2fb4a" name="Request 1"><con:settings/><con:encoding>UTF-8</con:encoding><con:endpoint>https://ifstst.coppels1.com:57080/ifssvc/CWebServiceSajUtil</con:endpoint><con:request><![CDATA[<soapenv:Envelope xmlns:soapenv="http://schemas.xmlsoap.org/soap/envelope/" xmlns:cweb="http://cwebservicesajutil.webservices.ifsworld.com/">\r
   <soapenv:Header>\r
      <cweb:runAsIdentity>?</cweb:runAsIdentity>\r
   </soapenv:Header>\r
   <soapenv:Body>\r
      <cweb:closeFolio>\r
         <!--Optional:-->\r
         <SajFolioNo>?</SajFolioNo>\r
         <!--Optional:-->\r
         <ClaspType>?</ClaspType>\r
         <!--Optional:-->\r
         <DeadLine>?</DeadLine>\r
         <!--Optional:-->\r
         <ClosingForm>?</ClosingForm>\r
      </cweb:closeFolio>\r
   </soapenv:Body>\r
</soapenv:Envelope>]]></con:request><con:credentials><con:authType>No Authorization</con:authType></con:credentials><con:jmsConfig JMSDeliveryMode="PERSISTENT"/><con:jmsPropertyConfig/><con:wsaConfig mustUnderstand="NONE" version="200508" action="http://cwebservicesajutil.webservices.ifsworld.com/CWebServiceSajUtilService/closeFolioRequest"/><con:wsrmConfig version="1.2"/></con:call></con:operation><con:operation id="0c9a2afc-1e92-4f47-9fd4-2db3570c4471" isOneWay="false" action="" name="sendAddress" bindingOperationName="sendAddress" type="Request-Response" inputName="" receivesAttachments="false" sendsAttachments="false" anonymous="optional"><con:settings/><con:call id="eec98886-93d6-440e-a342-353eb42cbfeb" name="Request 1"><con:settings/><con:encoding>UTF-8</con:encoding><con:endpoint>https://ifstst.coppels1.com:57080/ifssvc/CWebServiceSajUtil</con:endpoint><con:request><![CDATA[<soapenv:Envelope xmlns:soapenv="http://schemas.xmlsoap.org/soap/envelope/" xmlns:cweb="http://cwebservicesajutil.webservices.ifsworld.com/">\r
   <soapenv:Header>\r
      <cweb:runAsIdentity>?</cweb:runAsIdentity>\r
   </soapenv:Header>\r
   <soapenv:Body>\r
      <cweb:sendAddress>\r
         <!--Optional:-->\r
         <InmuebleNumero>?</InmuebleNumero>\r
         <!--Optional:-->\r
         <TypeRoadsId>?</TypeRoadsId>\r
         <!--Optional:-->\r
         <RoadName>?</RoadName>\r
         <!--Optional:-->\r
         <OutdoorNumber>?</OutdoorNumber>\r
         <!--Optional:-->\r
         <InteriorNumber>?</InteriorNumber>\r
         <!--Optional:-->\r
         <BetweenStreet>?</BetweenStreet>\r
         <!--Optional:-->\r
         <AndStreet>?</AndStreet>\r
         <!--Optional:-->\r
         <CornerWith>?</CornerWith>\r
         <!--Optional:-->\r
         <Colony>?</Colony>\r
         <!--Optional:-->\r
         <PostalCode>?</PostalCode>\r
         <!--Optional:-->\r
         <MunicipalityId>?</MunicipalityId>\r
         <!--Optional:-->\r
         <CityId>?</CityId>\r
         <!--Optional:-->\r
         <StateId>?</StateId>\r
      </cweb:sendAddress>\r
   </soapenv:Body>\r
</soapenv:Envelope>]]></con:request><con:credentials><con:authType>No Authorization</con:authType></con:credentials><con:jmsConfig JMSDeliveryMode="PERSISTENT"/><con:jmsPropertyConfig/><con:wsaConfig mustUnderstand="NONE" version="200508" action="http://cwebservicesajutil.webservices.ifsworld.com/CWebServiceSajUtilService/sendAddressRequest"/><con:wsrmConfig version="1.2"/></con:call></con:operation><con:operation id="1c741744-bc20-4c56-896a-fc9a542a5ff4" isOneWay="false" action="" name="sendApproveOrRejectDocument" bindingOperationName="sendApproveOrRejectDocument" type="Request-Response" inputName="" receivesAttachments="false" sendsAttachments="false" anonymous="optional"><con:settings/><con:call id="c8af4028-c8c8-45a2-96a6-dff4b93668b0" name="Request 1"><con:settings/><con:encoding>UTF-8</con:encoding><con:endpoint>https://ifstst.coppels1.com:57080/ifssvc/CWebServiceSajUtil</con:endpoint><con:request><![CDATA[<soapenv:Envelope xmlns:soapenv="http://schemas.xmlsoap.org/soap/envelope/" xmlns:cweb="http://cwebservicesajutil.webservices.ifsworld.com/">\r
   <soapenv:Header>\r
      <cweb:runAsIdentity>?</cweb:runAsIdentity>\r
   </soapenv:Header>\r
   <soapenv:Body>\r
      <cweb:sendApproveOrRejectDocument>\r
         <!--Optional:-->\r
         <StepNo>?</StepNo>\r
         <!--Optional:-->\r
         <SajFolio>?</SajFolio>\r
         <!--Optional:-->\r
         <SucessSaj>?</SucessSaj>\r
         <!--Optional:-->\r
         <PersonId>?</PersonId>\r
         <!--Optional:-->\r
         <ApprovalStatus>?</ApprovalStatus>\r
         <!--Optional:-->\r
         <Note>?</Note>\r
      </cweb:sendApproveOrRejectDocument>\r
   </soapenv:Body>\r
</soapenv:Envelope>]]></con:request><con:credentials><con:authType>No Authorization</con:authType></con:credentials><con:jmsConfig JMSDeliveryMode="PERSISTENT"/><con:jmsPropertyConfig/><con:wsaConfig mustUnderstand="NONE" version="200508" action="http://cwebservicesajutil.webservices.ifsworld.com/CWebServiceSajUtilService/sendApproveOrRejectDocumentRequest"/><con:wsrmConfig version="1.2"/></con:call></con:operation><con:operation id="f754d537-f999-491c-a16e-450bdac26a3c" isOneWay="false" action="" name="sendApproveOrRejectDocument2" bindingOperationName="sendApproveOrRejectDocument2" type="Request-Response" inputName="" receivesAttachments="false" sendsAttachments="false" anonymous="optional"><con:settings/><con:call id="280a220c-3b09-4793-90ce-d1b83d709b6e" name="Request 1"><con:settings/><con:encoding>UTF-8</con:encoding><con:endpoint>https://ifstst.coppels1.com:57080/ifssvc/CWebServiceSajUtil</con:endpoint><con:request><![CDATA[<soapenv:Envelope xmlns:soapenv="http://schemas.xmlsoap.org/soap/envelope/" xmlns:cweb="http://cwebservicesajutil.webservices.ifsworld.com/">\r
   <soapenv:Header>\r
      <cweb:runAsIdentity>?</cweb:runAsIdentity>\r
   </soapenv:Header>\r
   <soapenv:Body>\r
      <cweb:sendApproveOrRejectDocument2>\r
         <!--Optional:-->\r
         <StepNo>?</StepNo>\r
         <!--Optional:-->\r
         <SajFolio>?</SajFolio>\r
         <!--Optional:-->\r
         <SucessSaj>?</SucessSaj>\r
         <!--Optional:-->\r
         <PersonId>?</PersonId>\r
         <!--Optional:-->\r
         <ApprovalStatus>?</ApprovalStatus>\r
         <!--Optional:-->\r
         <Note>?</Note>\r
         <!--Optional:-->\r
         <InmuebleNumero>?</InmuebleNumero>\r
         <!--Optional:-->\r
         <CommentLegal>?</CommentLegal>\r
      </cweb:sendApproveOrRejectDocument2>\r
   </soapenv:Body>\r
</soapenv:Envelope>]]></con:request><con:credentials><con:authType>No Authorization</con:authType></con:credentials><con:jmsConfig JMSDeliveryMode="PERSISTENT"/><con:jmsPropertyConfig/><con:wsaConfig mustUnderstand="NONE" version="200508" action="http://cwebservicesajutil.webservices.ifsworld.com/CWebServiceSajUtilService/sendApproveOrRejectDocument2Request"/><con:wsrmConfig version="1.2"/></con:call></con:operation><con:operation id="5b1364bc-e38c-459e-bed9-46b8d91c333c" isOneWay="false" action="" name="sendFolio" bindingOperationName="sendFolio" type="Request-Response" inputName="" receivesAttachments="false" sendsAttachments="false" anonymous="optional"><con:settings/><con:call id="4da4b02d-036c-4968-a5fe-17dd21667261" name="Request 1"><con:settings/><con:encoding>UTF-8</con:encoding><con:endpoint>https://ifstst.coppels1.com:57080/ifssvc/CWebServiceSajUtil</con:endpoint><con:request><![CDATA[<soapenv:Envelope xmlns:soapenv="http://schemas.xmlsoap.org/soap/envelope/" xmlns:cweb="http://cwebservicesajutil.webservices.ifsworld.com/">\r
   <soapenv:Header>\r
      <cweb:runAsIdentity>?</cweb:runAsIdentity>\r
   </soapenv:Header>\r
   <soapenv:Body>\r
      <cweb:sendFolio>\r
         <!--Optional:-->\r
         <Folio>?</Folio>\r
         <!--Optional:-->\r
         <FolioNuevo>?</FolioNuevo>\r
         <!--Optional:-->\r
         <InmuebleNumero>?</InmuebleNumero>\r
      </cweb:sendFolio>\r
   </soapenv:Body>\r
</soapenv:Envelope>]]></con:request><con:credentials><con:authType>No Authorization</con:authType></con:credentials><con:jmsConfig JMSDeliveryMode="PERSISTENT"/><con:jmsPropertyConfig/><con:wsaConfig mustUnderstand="NONE" version="200508" action="http://cwebservicesajutil.webservices.ifsworld.com/CWebServiceSajUtilService/sendFolioRequest"/><con:wsrmConfig version="1.2"/></con:call></con:operation><con:operation id="ee351adf-da19-44a2-943e-c3f5b6332695" isOneWay="false" action="" name="sendModifySaj" bindingOperationName="sendModifySaj" type="Request-Response" inputName="" receivesAttachments="false" sendsAttachments="false" anonymous="optional"><con:settings/><con:call id="6bc8b180-40d7-4ff1-922f-5f503258e1bb" name="Request 1"><con:settings/><con:encoding>UTF-8</con:encoding><con:endpoint>https://ifstst.coppels1.com:57080/ifssvc/CWebServiceSajUtil</con:endpoint><con:request><![CDATA[<soapenv:Envelope xmlns:soapenv="http://schemas.xmlsoap.org/soap/envelope/" xmlns:cweb="http://cwebservicesajutil.webservices.ifsworld.com/">\r
   <soapenv:Header>\r
      <cweb:runAsIdentity>?</cweb:runAsIdentity>\r
   </soapenv:Header>\r
   <soapenv:Body>\r
      <cweb:sendModifySaj>\r
         <!--Optional:-->\r
         <SajFolio>?</SajFolio>\r
         <!--Optional:-->\r
         <StateId>?</StateId>\r
         <!--Optional:-->\r
         <CityId>?</CityId>\r
         <!--Optional:-->\r
         <IdEfilialSaj>?</IdEfilialSaj>\r
         <!--Optional:-->\r
         <CenterId>?</CenterId>\r
         <!--Optional:-->\r
         <RegionId>?</RegionId>\r
         <!--Optional:-->\r
         <Responsible>?</Responsible>\r
         <!--Optional:-->\r
         <CountyId>?</CountyId>\r
      </cweb:sendModifySaj>\r
   </soapenv:Body>\r
</soapenv:Envelope>]]></con:request><con:credentials><con:authType>No Authorization</con:authType></con:credentials><con:jmsConfig JMSDeliveryMode="PERSISTENT"/><con:jmsPropertyConfig/><con:wsaConfig mustUnderstand="NONE" version="200508" action="http://cwebservicesajutil.webservices.ifsworld.com/CWebServiceSajUtilService/sendModifySajRequest"/><con:wsrmConfig version="1.2"/></con:call></con:operation><con:operation id="3faaef36-13d0-4a87-8b4b-a9d921e4072a" isOneWay="false" action="" name="sendOpportunityLocation" bindingOperationName="sendOpportunityLocation" type="Request-Response" inputName="" receivesAttachments="false" sendsAttachments="false" anonymous="optional"><con:settings/><con:call id="ef9ee295-8eb4-4389-b3c9-0998449c43e0" name="Request 1"><con:settings/><con:encoding>UTF-8</con:encoding><con:endpoint>https://ifstst.coppels1.com:57080/ifssvc/CWebServiceSajUtil</con:endpoint><con:request><![CDATA[<soapenv:Envelope xmlns:soapenv="http://schemas.xmlsoap.org/soap/envelope/" xmlns:cweb="http://cwebservicesajutil.webservices.ifsworld.com/">\r
   <soapenv:Header>\r
      <cweb:runAsIdentity>?</cweb:runAsIdentity>\r
   </soapenv:Header>\r
   <soapenv:Body>\r
      <cweb:sendOpportunityLocation>\r
         <!--Optional:-->\r
         <SajFolio>?</SajFolio>\r
         <!--Optional:-->\r
         <OpportunityCode>?</OpportunityCode>\r
         <!--Optional:-->\r
         <AddressId>?</AddressId>\r
         <!--Optional:-->\r
         <TypeRoadsId>?</TypeRoadsId>\r
         <!--Optional:-->\r
         <RoadName>?</RoadName>\r
         <!--Optional:-->\r
         <OutdoorNumber>?</OutdoorNumber>\r
         <!--Optional:-->\r
         <InteriorNumber>?</InteriorNumber>\r
         <!--Optional:-->\r
         <BetweenStreet>?</BetweenStreet>\r
         <!--Optional:-->\r
         <AndStreet>?</AndStreet>\r
         <!--Optional:-->\r
         <CornerWith>?</CornerWith>\r
         <!--Optional:-->\r
         <Colony>?</Colony>\r
         <!--Optional:-->\r
         <PostalCode>?</PostalCode>\r
         <!--Optional:-->\r
         <MunicipalityId>?</MunicipalityId>\r
         <!--Optional:-->\r
         <CityId>?</CityId>\r
         <!--Optional:-->\r
         <StateId>?</StateId>\r
         <!--Optional:-->\r
         <TypeNegotiation>?</TypeNegotiation>\r
         <!--Optional:-->\r
         <LegalRepresentative>?</LegalRepresentative>\r
         <!--Optional:-->\r
         <ExpansionBuyer>?</ExpansionBuyer>\r
         <!--Optional:-->\r
         <ExpansionBuyerEmail>?</ExpansionBuyerEmail>\r
         <!--Optional:-->\r
         <RegionalPropertyManager>?</RegionalPropertyManager>\r
         <!--Optional:-->\r
         <RegionalPropManagerEmail>?</RegionalPropManagerEmail>\r
         <!--Optional:-->\r
         <DestinationId>?</DestinationId>\r
         <!--Optional:-->\r
         <MainContact>?</MainContact>\r
         <!--Optional:-->\r
         <MainRepresentativeId>?</MainRepresentativeId>\r
         <!--Optional:-->\r
         <ContractingId>?</ContractingId>\r
         <!--Optional:-->\r
         <OperatingAmount>?</OperatingAmount>\r
         <!--Optional:-->\r
         <IntegrationProject>?</IntegrationProject>\r
         <!--Optional:-->\r
         <RegionId>?</RegionId>\r
      </cweb:sendOpportunityLocation>\r
   </soapenv:Body>\r
</soapenv:Envelope>]]></con:request><con:credentials><con:authType>No Authorization</con:authType></con:credentials><con:jmsConfig JMSDeliveryMode="PERSISTENT"/><con:jmsPropertyConfig/><con:wsaConfig mustUnderstand="NONE" version="200508" action="http://cwebservicesajutil.webservices.ifsworld.com/CWebServiceSajUtilService/sendOpportunityLocationRequest"/><con:wsrmConfig version="1.2"/></con:call></con:operation><con:operation id="b3ed8361-c4a6-4ee8-8e86-9423fa4cd82a" isOneWay="false" action="" name="sendPersonSearch" bindingOperationName="sendPersonSearch" type="Request-Response" inputName="" receivesAttachments="false" sendsAttachments="false" anonymous="optional"><con:settings/><con:call id="f0a8a948-061a-4218-ac81-d3118dcf8abf" name="Request 1"><con:settings><con:setting id="com.eviware.soapui.impl.wsdl.WsdlRequest@request-headers">&lt;xml-fragment/></con:setting></con:settings><con:encoding>UTF-8</con:encoding><con:endpoint>https://ifstst.coppels1.com:57080/ifssvc/CWebServiceSajUtil</con:endpoint><con:request><![CDATA[<soapenv:Envelope xmlns:soapenv="http://schemas.xmlsoap.org/soap/envelope/" xmlns:cweb="http://cwebservicesajutil.webservices.ifsworld.com/">\r
   <soapenv:Header>\r
      <cweb:runAsIdentity></cweb:runAsIdentity>\r
   </soapenv:Header>\r
   <soapenv:Body>\r
      <cweb:sendPersonSearch>\r
         <!--Optional:-->\r
         <PersonId>96373938</PersonId>\r
      </cweb:sendPersonSearch>\r
   </soapenv:Body>\r
</soapenv:Envelope>]]></con:request><con:credentials><con:username>90327179</con:username><con:password>Coppel1_Desarrollotst</con:password><con:selectedAuthProfile>Basic</con:selectedAuthProfile><con:addedBasicAuthenticationTypes>Basic</con:addedBasicAuthenticationTypes><con:authType>Global HTTP Settings</con:authType></con:credentials><con:jmsConfig JMSDeliveryMode="PERSISTENT"/><con:jmsPropertyConfig/><con:wsaConfig mustUnderstand="NONE" version="200508" action="http://cwebservicesajutil.webservices.ifsworld.com/CWebServiceSajUtilService/sendPersonSearchRequest"/><con:wsrmConfig version="1.2"/></con:call></con:operation><con:operation id="c0b4f765-7ab6-4496-adff-4668fd1f197f" isOneWay="false" action="" name="sendProjectSearch" bindingOperationName="sendProjectSearch" type="Request-Response" inputName="" receivesAttachments="false" sendsAttachments="false" anonymous="optional"><con:settings/><con:call id="034d82ac-bcc9-4472-81bf-c21e6c8da563" name="Request 1"><con:settings><con:setting id="com.eviware.soapui.impl.wsdl.WsdlRequest@request-headers">&lt;xml-fragment/></con:setting></con:settings><con:encoding>UTF-8</con:encoding><con:endpoint>https://ifstst.coppels1.com:57080/ifssvc/CWebServiceSajUtil</con:endpoint><con:request><![CDATA[<soapenv:Envelope xmlns:soapenv="http://schemas.xmlsoap.org/soap/envelope/" xmlns:cweb="http://cwebservicesajutil.webservices.ifsworld.com/">\r
   <soapenv:Header>\r
      <cweb:runAsIdentity></cweb:runAsIdentity>\r
   </soapenv:Header>\r
   <soapenv:Body>\r
      <cweb:sendProjectSearch>\r
         <!--Optional:-->\r
         <ProgramId>1</ProgramId>\r
      </cweb:sendProjectSearch>\r
   </soapenv:Body>\r
</soapenv:Envelope>]]></con:request><con:credentials><con:username>90327179</con:username><con:password>Coppel1_Desarrollotst</con:password><con:selectedAuthProfile>Basic</con:selectedAuthProfile><con:addedBasicAuthenticationTypes>Basic</con:addedBasicAuthenticationTypes><con:authType>Global HTTP Settings</con:authType></con:credentials><con:jmsConfig JMSDeliveryMode="PERSISTENT"/><con:jmsPropertyConfig/><con:wsaConfig mustUnderstand="NONE" version="200508" action="http://cwebservicesajutil.webservices.ifsworld.com/CWebServiceSajUtilService/sendProjectSearchRequest"/><con:wsrmConfig version="1.2"/></con:call></con:operation><con:operation id="53ae849c-7453-4d3b-a265-c8652ce0b6c2" isOneWay="false" action="" name="sendPropDestination" bindingOperationName="sendPropDestination" type="Request-Response" inputName="" receivesAttachments="false" sendsAttachments="false" anonymous="optional"><con:settings/><con:call id="ca83073d-cbe9-427e-8d34-ad630b6f294f" name="Request 1"><con:settings/><con:encoding>UTF-8</con:encoding><con:endpoint>https://ifstst.coppels1.com:57080/ifssvc/CWebServiceSajUtil</con:endpoint><con:request><![CDATA[<soapenv:Envelope xmlns:soapenv="http://schemas.xmlsoap.org/soap/envelope/" xmlns:cweb="http://cwebservicesajutil.webservices.ifsworld.com/">\r
   <soapenv:Header>\r
      <cweb:runAsIdentity>?</cweb:runAsIdentity>\r
   </soapenv:Header>\r
   <soapenv:Body>\r
      <cweb:sendPropDestination>\r
         <!--Optional:-->\r
         <PropertiesDestination>?</PropertiesDestination>\r
         <!--Optional:-->\r
         <PropertiesDestName>?</PropertiesDestName>\r
         <!--Optional:-->\r
         <Action>?</Action>\r
      </cweb:sendPropDestination>\r
   </soapenv:Body>\r
</soapenv:Envelope>]]></con:request><con:credentials><con:authType>No Authorization</con:authType></con:credentials><con:jmsConfig JMSDeliveryMode="PERSISTENT"/><con:jmsPropertyConfig/><con:wsaConfig mustUnderstand="NONE" version="200508" action="http://cwebservicesajutil.webservices.ifsworld.com/CWebServiceSajUtilService/sendPropDestinationRequest"/><con:wsrmConfig version="1.2"/></con:call></con:operation><con:operation id="de2574d4-7502-4f16-a5ba-732e77e1c52b" isOneWay="false" action="" name="sendResponsable" bindingOperationName="sendResponsable" type="Request-Response" inputName="" receivesAttachments="false" sendsAttachments="false" anonymous="optional"><con:settings/><con:call id="c6c7278e-3b55-4cc2-aa02-34ab25e16b61" name="Request 1"><con:settings/><con:encoding>UTF-8</con:encoding><con:endpoint>https://ifstst.coppels1.com:57080/ifssvc/CWebServiceSajUtil</con:endpoint><con:request><![CDATA[<soapenv:Envelope xmlns:soapenv="http://schemas.xmlsoap.org/soap/envelope/" xmlns:cweb="http://cwebservicesajutil.webservices.ifsworld.com/">\r
   <soapenv:Header>\r
      <cweb:runAsIdentity>?</cweb:runAsIdentity>\r
   </soapenv:Header>\r
   <soapenv:Body>\r
      <cweb:sendResponsable>\r
         <!--Optional:-->\r
         <SajFolio>?</SajFolio>\r
         <!--Optional:-->\r
         <Responsable>?</Responsable>\r
      </cweb:sendResponsable>\r
   </soapenv:Body>\r
</soapenv:Envelope>]]></con:request><con:credentials><con:authType>No Authorization</con:authType></con:credentials><con:jmsConfig JMSDeliveryMode="PERSISTENT"/><con:jmsPropertyConfig/><con:wsaConfig mustUnderstand="NONE" version="200508" action="http://cwebservicesajutil.webservices.ifsworld.com/CWebServiceSajUtilService/sendResponsableRequest"/><con:wsrmConfig version="1.2"/></con:call></con:operation><con:operation id="eae3aab9-1d30-4b59-a61c-f18d18f877eb" isOneWay="false" action="" name="sendSupplierSearch" bindingOperationName="sendSupplierSearch" type="Request-Response" inputName="" receivesAttachments="false" sendsAttachments="false" anonymous="optional"><con:settings/><con:call id="87a4234a-6dbd-4df5-918c-7cad6cd216b4" name="Request 1"><con:settings><con:setting id="com.eviware.soapui.impl.wsdl.WsdlRequest@request-headers">&lt;xml-fragment/></con:setting></con:settings><con:encoding>UTF-8</con:encoding><con:endpoint>https://ifstst.coppels1.com:57080/ifssvc/CWebServiceSajUtil</con:endpoint><con:request><![CDATA[<soapenv:Envelope xmlns:soapenv="http://schemas.xmlsoap.org/soap/envelope/" xmlns:cweb="http://cwebservicesajutil.webservices.ifsworld.com/">\r
   <soapenv:Header>\r
      <cweb:runAsIdentity></cweb:runAsIdentity>\r
   </soapenv:Header>\r
   <soapenv:Body>\r
      <cweb:sendSupplierSearch>\r
         <!--Optional:-->\r
         <SupplierId>97416126</SupplierId>\r
      </cweb:sendSupplierSearch>\r
   </soapenv:Body>\r
</soapenv:Envelope>]]></con:request><con:credentials><con:username>90327179</con:username><con:password>Coppel1_Desarrollotst</con:password><con:selectedAuthProfile>Basic</con:selectedAuthProfile><con:addedBasicAuthenticationTypes>Basic</con:addedBasicAuthenticationTypes><con:authType>Global HTTP Settings</con:authType></con:credentials><con:jmsConfig JMSDeliveryMode="PERSISTENT"/><con:jmsPropertyConfig/><con:wsaConfig mustUnderstand="NONE" version="200508" action="http://cwebservicesajutil.webservices.ifsworld.com/CWebServiceSajUtilService/sendSupplierSearchRequest"/><con:wsrmConfig version="1.2"/></con:call></con:operation><con:operation id="f728c7e7-5c4b-4966-874c-1af700cb7c50" isOneWay="false" action="" name="sendTypeAnnouncement" bindingOperationName="sendTypeAnnouncement" type="Request-Response" inputName="" receivesAttachments="false" sendsAttachments="false" anonymous="optional"><con:settings/><con:call id="b4b1d93f-f3e2-4a73-b363-ed0fdb1a65f4" name="Request 1"><con:settings/><con:encoding>UTF-8</con:encoding><con:endpoint>https://ifstst.coppels1.com:57080/ifssvc/CWebServiceSajUtil</con:endpoint><con:request><![CDATA[<soapenv:Envelope xmlns:soapenv="http://schemas.xmlsoap.org/soap/envelope/" xmlns:cweb="http://cwebservicesajutil.webservices.ifsworld.com/">\r
   <soapenv:Header>\r
      <cweb:runAsIdentity>?</cweb:runAsIdentity>\r
   </soapenv:Header>\r
   <soapenv:Body>\r
      <cweb:sendTypeAnnouncement>\r
         <!--Optional:-->\r
         <AdType>?</AdType>\r
         <!--Optional:-->\r
         <AdTypeName>?</AdTypeName>\r
         <!--Optional:-->\r
         <Action>?</Action>\r
      </cweb:sendTypeAnnouncement>\r
   </soapenv:Body>\r
</soapenv:Envelope>]]></con:request><con:credentials><con:authType>No Authorization</con:authType></con:credentials><con:jmsConfig JMSDeliveryMode="PERSISTENT"/><con:jmsPropertyConfig/><con:wsaConfig mustUnderstand="NONE" version="200508" action="http://cwebservicesajutil.webservices.ifsworld.com/CWebServiceSajUtilService/sendTypeAnnouncementRequest"/><con:wsrmConfig version="1.2"/></con:call></con:operation></con:interface><con:properties/><con:wssContainer/><con:oAuth2ProfileContainer/><con:oAuth1ProfileContainer/><con:sensitiveInformation/></con:soapui-project>