<?xml version="1.0" encoding="UTF-8"?>
<con:soapui-project id="e29b467b-9f04-4d9e-9e53-db82c9f76362" activeEnvironment="Default" name="mock" resourceRoot="" soapui-version="5.6.0" abortOnError="false" runType="SEQUENTIAL" xmlns:con="http://eviware.com/soapui/config"><con:settings/><con:interface xsi:type="con:WsdlInterface" id="a15276a3-cde9-4d66-87d2-a03d51e4e269" wsaVersion="NONE" name="CWebServiceSajUtilServicePortSoap11" type="wsdl" bindingName="{http://cwebservicesajutil.webservices.ifsworld.com}CWebServiceSajUtilServicePortSoap11" soapVersion="1_1" anonymous="optional" definition="https://juridicodeveq1.coppel.io:20541/gateway/ifssvc/CWebServiceSajUtil.wsdl" xmlns:xsi="http://www.w3.org/2001/XMLSchema-instance"><con:settings/><con:definitionCache type="TEXT" rootPart="https://juridicodeveq1.coppel.io:20541/gateway/ifssvc/CWebServiceSajUtil.wsdl"><con:part><con:url>https://juridicodeveq1.coppel.io:20541/gateway/ifssvc/CWebServiceSajUtil.wsdl</con:url><con:content><![CDATA[<wsdl:definitions targetNamespace="http://cwebservicesajutil.webservices.ifsworld.com" xmlns:wsdl="http://schemas.xmlsoap.org/wsdl/" xmlns:sch="http://cwebservicesajutil.webservices.ifsworld.com/" xmlns:soap="http://schemas.xmlsoap.org/wsdl/soap/" xmlns:tns="http://cwebservicesajutil.webservices.ifsworld.com">
  <wsdl:types>
    <xsd:schema targetNamespace="http://cwebservicesajutil.webservices.ifsworld.com/" xmlns:ns0="http://cwebservicesajutil.webservices.ifsworld.com/" xmlns:xsd="http://www.w3.org/2001/XMLSchema">
      <xsd:complexType name="addFileInPackage">
        <xsd:sequence>
          <xsd:element minOccurs="0" name="SajFolioNo" type="xsd:decimal"/>
          <xsd:element minOccurs="0" name="SajFileName" type="xsd:string"/>
          <xsd:element minOccurs="0" name="SajFileType" type="xsd:string"/>
          <xsd:element minOccurs="0" name="SajFileClass" type="xsd:string"/>
          <xsd:element minOccurs="0" name="SajFile" nillable="true" type="xsd:base64Binary"/>
        </xsd:sequence>
      </xsd:complexType>
      <xsd:complexType name="addFileInPackageResponse">
        <xsd:sequence>
          <xsd:element minOccurs="0" name="return" type="xsd:string"/>
        </xsd:sequence>
      </xsd:complexType>
      <xsd:complexType name="closeFolio">
        <xsd:sequence>
          <xsd:element minOccurs="0" name="SajFolioNo" type="xsd:decimal"/>
          <xsd:element minOccurs="0" name="ClaspType" type="xsd:string"/>
          <xsd:element minOccurs="0" name="DeadLine" type="xsd:string"/>
          <xsd:element minOccurs="0" name="ClosingForm" type="xsd:string"/>
        </xsd:sequence>
      </xsd:complexType>
      <xsd:complexType name="closeFolioResponse">
        <xsd:sequence>
          <xsd:element minOccurs="0" name="return" type="xsd:string"/>
        </xsd:sequence>
      </xsd:complexType>
      <xsd:complexType name="sendApproveOrRejectDocument">
        <xsd:sequence>
          <xsd:element minOccurs="0" name="StepNo" type="xsd:string"/>
          <xsd:element minOccurs="0" name="SajFolio" type="xsd:string"/>
          <xsd:element minOccurs="0" name="SucessSaj" type="xsd:decimal"/>
          <xsd:element minOccurs="0" name="PersonId" type="xsd:string"/>
          <xsd:element minOccurs="0" name="ApprovalStatus" type="xsd:string"/>
          <xsd:element minOccurs="0" name="Note" type="xsd:string"/>
        </xsd:sequence>
      </xsd:complexType>
      <xsd:complexType name="sendApproveOrRejectDocumentResponse">
        <xsd:sequence>
          <xsd:element minOccurs="0" name="return" type="xsd:string"/>
        </xsd:sequence>
      </xsd:complexType>
      <xsd:complexType name="sendModifySaj">
        <xsd:sequence>
          <xsd:element minOccurs="0" name="SajFolio" type="xsd:decimal"/>
          <xsd:element minOccurs="0" name="StateId" type="xsd:string"/>
          <xsd:element minOccurs="0" name="CityId" type="xsd:string"/>
          <xsd:element minOccurs="0" name="IdEfilialSaj" type="xsd:decimal"/>
          <xsd:element minOccurs="0" name="CenterId" type="xsd:string"/>
          <xsd:element minOccurs="0" name="RegionId" type="xsd:string"/>
          <xsd:element minOccurs="0" name="Responsible" type="xsd:string"/>
          <xsd:element minOccurs="0" name="CountyId" type="xsd:string"/>
        </xsd:sequence>
      </xsd:complexType>
      <xsd:complexType name="sendModifySajResponse">
        <xsd:sequence>
          <xsd:element minOccurs="0" name="return" type="xsd:string"/>
        </xsd:sequence>
      </xsd:complexType>
      <xsd:complexType name="sendOpportunityLocation">
        <xsd:sequence>
          <xsd:element minOccurs="0" name="SajFolio" type="xsd:decimal"/>
          <xsd:element minOccurs="0" name="OpportunityCode" type="xsd:string"/>
          <xsd:element minOccurs="0" name="AddressId" type="xsd:string"/>
          <xsd:element minOccurs="0" name="TypeRoadsId" type="xsd:string"/>
          <xsd:element minOccurs="0" name="RoadName" type="xsd:string"/>
          <xsd:element minOccurs="0" name="OutdoorNumber" type="xsd:string"/>
          <xsd:element minOccurs="0" name="InteriorNumber" type="xsd:string"/>
          <xsd:element minOccurs="0" name="BetweenStreet" type="xsd:string"/>
          <xsd:element minOccurs="0" name="AndStreet" type="xsd:string"/>
          <xsd:element minOccurs="0" name="CornerWith" type="xsd:string"/>
          <xsd:element minOccurs="0" name="Colony" type="xsd:string"/>
          <xsd:element minOccurs="0" name="PostalCode" type="xsd:decimal"/>
          <xsd:element minOccurs="0" name="MunicipalityId" type="xsd:string"/>
          <xsd:element minOccurs="0" name="CityId" type="xsd:string"/>
          <xsd:element minOccurs="0" name="StateId" type="xsd:string"/>
          <xsd:element minOccurs="0" name="TypeNegotiation" type="xsd:string"/>
          <xsd:element minOccurs="0" name="LegalRepresentative" type="xsd:string"/>
          <xsd:element minOccurs="0" name="ExpansionBuyer" type="xsd:string"/>
          <xsd:element minOccurs="0" name="ExpansionBuyerEmail" type="xsd:string"/>
          <xsd:element minOccurs="0" name="RegionalPropertyManager" type="xsd:string"/>
          <xsd:element minOccurs="0" name="RegionalPropManagerEmail" type="xsd:string"/>
          <xsd:element minOccurs="0" name="DestinationId" type="xsd:string"/>
          <xsd:element minOccurs="0" name="MainContact" type="xsd:string"/>
          <xsd:element minOccurs="0" name="MainRepresentativeId" type="xsd:string"/>
          <xsd:element minOccurs="0" name="ContractingId" type="xsd:decimal"/>
          <xsd:element minOccurs="0" name="OperatingAmount" type="xsd:string"/>
          <xsd:element minOccurs="0" name="IntegrationProject" type="xsd:decimal"/>
          <xsd:element minOccurs="0" name="RegionId" type="xsd:string"/>
        </xsd:sequence>
      </xsd:complexType>
      <xsd:complexType name="sendOpportunityLocationResponse">
        <xsd:sequence>
          <xsd:element minOccurs="0" name="return" type="xsd:string"/>
        </xsd:sequence>
      </xsd:complexType>
      <xsd:complexType name="sendPersonSearch">
        <xsd:sequence>
          <xsd:element minOccurs="0" name="PersonId" type="xsd:string"/>
        </xsd:sequence>
      </xsd:complexType>
      <xsd:complexType name="sendPersonSearchResponse">
        <xsd:sequence>
          <xsd:element minOccurs="0" name="return" type="xsd:string"/>
        </xsd:sequence>
      </xsd:complexType>
      <xsd:complexType name="sendProjectSearch">
        <xsd:sequence>
          <xsd:element minOccurs="0" name="ProgramId" type="xsd:string"/>
        </xsd:sequence>
      </xsd:complexType>
      <xsd:complexType name="sendProjectSearchResponse">
        <xsd:sequence>
          <xsd:element minOccurs="0" name="return" type="xsd:string"/>
        </xsd:sequence>
      </xsd:complexType>
      <xsd:complexType name="sendPropDestination">
        <xsd:sequence>
          <xsd:element minOccurs="0" name="PropertiesDestination" type="xsd:decimal"/>
          <xsd:element minOccurs="0" name="PropertiesDestName" type="xsd:string"/>
          <xsd:element minOccurs="0" name="Action" type="xsd:string"/>
        </xsd:sequence>
      </xsd:complexType>
      <xsd:complexType name="sendPropDestinationResponse">
        <xsd:sequence>
          <xsd:element minOccurs="0" name="return" type="xsd:string"/>
        </xsd:sequence>
      </xsd:complexType>
      <xsd:complexType name="sendResponsable">
        <xsd:sequence>
          <xsd:element minOccurs="0" name="SajFolio" type="xsd:decimal"/>
          <xsd:element minOccurs="0" name="Responsable" type="xsd:string"/>
        </xsd:sequence>
      </xsd:complexType>
      <xsd:complexType name="sendResponsableResponse">
        <xsd:sequence>
          <xsd:element minOccurs="0" name="return" type="xsd:string"/>
        </xsd:sequence>
      </xsd:complexType>
      <xsd:complexType name="sendSupplierSearch">
        <xsd:sequence>
          <xsd:element minOccurs="0" name="SupplierId" type="xsd:string"/>
        </xsd:sequence>
      </xsd:complexType>
      <xsd:complexType name="sendSupplierSearchResponse">
        <xsd:sequence>
          <xsd:element minOccurs="0" name="return" type="xsd:string"/>
        </xsd:sequence>
      </xsd:complexType>
      <xsd:complexType name="sendTypeAnnouncement">
        <xsd:sequence>
          <xsd:element minOccurs="0" name="AdType" type="xsd:decimal"/>
          <xsd:element minOccurs="0" name="AdTypeName" type="xsd:string"/>
          <xsd:element minOccurs="0" name="Action" type="xsd:string"/>
        </xsd:sequence>
      </xsd:complexType>
      <xsd:complexType name="sendTypeAnnouncementResponse">
        <xsd:sequence>
          <xsd:element minOccurs="0" name="return" type="xsd:string"/>
        </xsd:sequence>
      </xsd:complexType>
      <xsd:complexType name="sendDomicile">
        <xsd:sequence>
          <xsd:element minOccurs="1" name="PropertyId" type="xsd:string"/>
          <xsd:element minOccurs="1" name="PropertyName" type="xsd:string"/>
          <xsd:element minOccurs="1" name="TypeRoadsId" type="xsd:string"/>
          <xsd:element minOccurs="1" name="RoadName" type="xsd:string"/>
          <xsd:element minOccurs="1" name="OutdoorNumber" type="xsd:string"/>
          <xsd:element minOccurs="0" name="InteriorNumber" type="xsd:string"/>
          <xsd:element minOccurs="0" name="BetweenStreet" type="xsd:string"/>
          <xsd:element minOccurs="1" name="AndStreet" type="xsd:string"/>
          <xsd:element minOccurs="1" name="CornerWith" type="xsd:string"/>
          <xsd:element minOccurs="1" name="Colony" type="xsd:string"/>
          <xsd:element minOccurs="1" name="PostalCode" type="xsd:decimal"/>
          <xsd:element minOccurs="1" name="MunicipalityId" type="xsd:string"/>
          <xsd:element minOccurs="0" name="CityId" type="xsd:string"/>
          <xsd:element minOccurs="1" name="StateId" type="xsd:string"/>
          <xsd:element minOccurs="1" name="CenterId" type="xsd:string"/>
          <xsd:element minOccurs="1" name="CenterName" type="xsd:string"/>
          <xsd:element minOccurs="0" name="Local" type="xsd:string"/>
          <xsd:element minOccurs="0" name="Square" type="xsd:boolean"/>
          <xsd:element minOccurs="0" name="SquareName" type="xsd:string"/>
        </xsd:sequence>
      </xsd:complexType>
      <xsd:complexType name="sendDomicileResponse">
        <xsd:sequence>
          <xsd:element minOccurs="0" name="return" type="xsd:string"/>
        </xsd:sequence>
      </xsd:complexType>
      <xsd:complexType name="sendFolio">
        <xsd:sequence>
          <xsd:element minOccurs="1" name="folio" type="xsd:string"/>
          <xsd:element minOccurs="1" name="inmueble" type="xsd:string"/>
        </xsd:sequence>
      </xsd:complexType>
      <xsd:complexType name="sendFolioResponse">
        <xsd:sequence>
          <xsd:element minOccurs="0" name="return" type="xsd:string"/>
        </xsd:sequence>
      </xsd:complexType>
      <xsd:complexType name="consultarResidenteObra">
        <xsd:sequence>
          <xsd:element minOccurs="1" name="numero" type="xsd:integer"/>
        </xsd:sequence>
      </xsd:complexType>
      <xsd:complexType name="consultarGerenteConstruccion">
        <xsd:sequence>
          <xsd:element minOccurs="1" name="numero" type="xsd:integer"/>
        </xsd:sequence>
      </xsd:complexType>
      <xsd:complexType name="consultarResidenteObraResponse">
        <xsd:sequence>
          <xsd:element minOccurs="0" name="nombre" type="xsd:string"/>
          <xsd:element minOccurs="0" name="telefono" type="xsd:string"/>
          <xsd:element minOccurs="0" name="correo" type="xsd:string"/>
        </xsd:sequence>
      </xsd:complexType>
      <xsd:complexType name="consultarGerenteConstruccionResponse">
        <xsd:sequence>
          <xsd:element minOccurs="0" name="nombre" type="xsd:string"/>
          <xsd:element minOccurs="0" name="telefono" type="xsd:string"/>
          <xsd:element minOccurs="0" name="correo" type="xsd:string"/>
          <xsd:element minOccurs="0" name="extension" type="xsd:string"/>
        </xsd:sequence>
      </xsd:complexType>
      <xsd:complexType name="ServiceException">
        <xsd:sequence>
          <xsd:element minOccurs="0" name="extraInfo" type="xsd:string"/>
          <xsd:element minOccurs="0" name="message" type="xsd:string"/>
          <xsd:element minOccurs="0" name="type" type="xsd:string"/>
        </xsd:sequence>
      </xsd:complexType>
      <xsd:element name="addFileInPackage" type="ns0:addFileInPackage"/>
      <xsd:element name="addFileInPackageResponse" type="ns0:addFileInPackageResponse"/>
      <xsd:element name="closeFolio" type="ns0:closeFolio"/>
      <xsd:element name="closeFolioResponse" type="ns0:closeFolioResponse"/>
      <xsd:element name="sendApproveOrRejectDocument" type="ns0:sendApproveOrRejectDocument"/>
      <xsd:element name="sendApproveOrRejectDocumentResponse" type="ns0:sendApproveOrRejectDocumentResponse"/>
      <xsd:element name="sendModifySaj" type="ns0:sendModifySaj"/>
      <xsd:element name="sendModifySajResponse" type="ns0:sendModifySajResponse"/>
      <xsd:element name="sendOpportunityLocation" type="ns0:sendOpportunityLocation"/>
      <xsd:element name="sendOpportunityLocationResponse" type="ns0:sendOpportunityLocationResponse"/>
      <xsd:element name="sendPersonSearch" type="ns0:sendPersonSearch"/>
      <xsd:element name="sendPersonSearchResponse" type="ns0:sendPersonSearchResponse"/>
      <xsd:element name="sendProjectSearch" type="ns0:sendProjectSearch"/>
      <xsd:element name="sendProjectSearchResponse" type="ns0:sendProjectSearchResponse"/>
      <xsd:element name="sendPropDestination" type="ns0:sendPropDestination"/>
      <xsd:element name="sendPropDestinationResponse" type="ns0:sendPropDestinationResponse"/>
      <xsd:element name="sendResponsable" type="ns0:sendResponsable"/>
      <xsd:element name="sendResponsableResponse" type="ns0:sendResponsableResponse"/>
      <xsd:element name="sendSupplierSearch" type="ns0:sendSupplierSearch"/>
      <xsd:element name="sendSupplierSearchResponse" type="ns0:sendSupplierSearchResponse"/>
      <xsd:element name="sendTypeAnnouncement" type="ns0:sendTypeAnnouncement"/>
      <xsd:element name="sendTypeAnnouncementResponse" type="ns0:sendTypeAnnouncementResponse"/>
      <xsd:element name="sendDomicile" type="ns0:sendDomicile"/>
      <xsd:element name="sendDomicileResponse" type="ns0:sendDomicileResponse"/>
      <xsd:element name="sendFolio" type="ns0:sendFolio"/>
      <xsd:element name="sendFolioResponse" type="ns0:sendFolioResponse"/>
      <xsd:element name="consultarResidenteObra" type="ns0:consultarResidenteObra"/>
      <xsd:element name="consultarGerenteConstruccion" type="ns0:consultarGerenteConstruccion"/>
      <xsd:element name="consultarResidenteObraResponse" type="ns0:consultarResidenteObraResponse"/>
      <xsd:element name="consultarGerenteConstruccionResponse" type="ns0:consultarGerenteConstruccionResponse"/>
      <xsd:element name="ServiceException" type="ns0:ServiceException"/>
      <xsd:element name="runAsIdentity" nillable="true" type="xsd:string"/>
    </xsd:schema>
  </wsdl:types>
  <wsdl:message name="sendModifySajResponse">
    <wsdl:part element="sch:sendModifySajResponse" name="sendModifySajResponse"></wsdl:part>
  </wsdl:message>
  <wsdl:message name="sendApproveOrRejectDocumentResponse">
    <wsdl:part element="sch:sendApproveOrRejectDocumentResponse" name="sendApproveOrRejectDocumentResponse"></wsdl:part>
  </wsdl:message>
  <wsdl:message name="sendSupplierSearchResponse">
    <wsdl:part element="sch:sendSupplierSearchResponse" name="sendSupplierSearchResponse"></wsdl:part>
  </wsdl:message>
  <wsdl:message name="consultarResidenteObraResponse">
    <wsdl:part element="sch:consultarResidenteObraResponse" name="consultarResidenteObraResponse"></wsdl:part>
  </wsdl:message>
  <wsdl:message name="addFileInPackageResponse">
    <wsdl:part element="sch:addFileInPackageResponse" name="addFileInPackageResponse"></wsdl:part>
  </wsdl:message>
  <wsdl:message name="closeFolioResponse">
    <wsdl:part element="sch:closeFolioResponse" name="closeFolioResponse"></wsdl:part>
  </wsdl:message>
  <wsdl:message name="sendResponsableResponse">
    <wsdl:part element="sch:sendResponsableResponse" name="sendResponsableResponse"></wsdl:part>
  </wsdl:message>
  <wsdl:message name="consultarGerenteConstruccionResponse">
    <wsdl:part element="sch:consultarGerenteConstruccionResponse" name="consultarGerenteConstruccionResponse"></wsdl:part>
  </wsdl:message>
  <wsdl:message name="sendProjectSearchResponse">
    <wsdl:part element="sch:sendProjectSearchResponse" name="sendProjectSearchResponse"></wsdl:part>
  </wsdl:message>
  <wsdl:message name="sendFolioResponse">
    <wsdl:part element="sch:sendFolioResponse" name="sendFolioResponse"></wsdl:part>
  </wsdl:message>
  <wsdl:message name="sendPropDestinationResponse">
    <wsdl:part element="sch:sendPropDestinationResponse" name="sendPropDestinationResponse"></wsdl:part>
  </wsdl:message>
  <wsdl:message name="sendDomicileResponse">
    <wsdl:part element="sch:sendDomicileResponse" name="sendDomicileResponse"></wsdl:part>
  </wsdl:message>
  <wsdl:message name="sendPersonSearchResponse">
    <wsdl:part element="sch:sendPersonSearchResponse" name="sendPersonSearchResponse"></wsdl:part>
  </wsdl:message>
  <wsdl:message name="sendOpportunityLocationResponse">
    <wsdl:part element="sch:sendOpportunityLocationResponse" name="sendOpportunityLocationResponse"></wsdl:part>
  </wsdl:message>
  <wsdl:message name="sendTypeAnnouncementResponse">
    <wsdl:part element="sch:sendTypeAnnouncementResponse" name="sendTypeAnnouncementResponse"></wsdl:part>
  </wsdl:message>
  <wsdl:portType name="CWebServiceSajUtilServicePort">
    <wsdl:operation name="sendModifySaj">
      <wsdl:output message="tns:sendModifySajResponse" name="sendModifySajResponse"></wsdl:output>
    </wsdl:operation>
    <wsdl:operation name="sendApproveOrRejectDocument">
      <wsdl:output message="tns:sendApproveOrRejectDocumentResponse" name="sendApproveOrRejectDocumentResponse"></wsdl:output>
    </wsdl:operation>
    <wsdl:operation name="sendSupplierSearch">
      <wsdl:output message="tns:sendSupplierSearchResponse" name="sendSupplierSearchResponse"></wsdl:output>
    </wsdl:operation>
    <wsdl:operation name="consultarResidenteObra">
      <wsdl:output message="tns:consultarResidenteObraResponse" name="consultarResidenteObraResponse"></wsdl:output>
    </wsdl:operation>
    <wsdl:operation name="addFileInPackage">
      <wsdl:output message="tns:addFileInPackageResponse" name="addFileInPackageResponse"></wsdl:output>
    </wsdl:operation>
    <wsdl:operation name="closeFolio">
      <wsdl:output message="tns:closeFolioResponse" name="closeFolioResponse"></wsdl:output>
    </wsdl:operation>
    <wsdl:operation name="sendResponsable">
      <wsdl:output message="tns:sendResponsableResponse" name="sendResponsableResponse"></wsdl:output>
    </wsdl:operation>
    <wsdl:operation name="consultarGerenteConstruccion">
      <wsdl:output message="tns:consultarGerenteConstruccionResponse" name="consultarGerenteConstruccionResponse"></wsdl:output>
    </wsdl:operation>
    <wsdl:operation name="sendProjectSearch">
      <wsdl:output message="tns:sendProjectSearchResponse" name="sendProjectSearchResponse"></wsdl:output>
    </wsdl:operation>
    <wsdl:operation name="sendFolio">
      <wsdl:output message="tns:sendFolioResponse" name="sendFolioResponse"></wsdl:output>
    </wsdl:operation>
    <wsdl:operation name="sendPropDestination">
      <wsdl:output message="tns:sendPropDestinationResponse" name="sendPropDestinationResponse"></wsdl:output>
    </wsdl:operation>
    <wsdl:operation name="sendDomicile">
      <wsdl:output message="tns:sendDomicileResponse" name="sendDomicileResponse"></wsdl:output>
    </wsdl:operation>
    <wsdl:operation name="sendPersonSearch">
      <wsdl:output message="tns:sendPersonSearchResponse" name="sendPersonSearchResponse"></wsdl:output>
    </wsdl:operation>
    <wsdl:operation name="sendOpportunityLocation">
      <wsdl:output message="tns:sendOpportunityLocationResponse" name="sendOpportunityLocationResponse"></wsdl:output>
    </wsdl:operation>
    <wsdl:operation name="sendTypeAnnouncement">
      <wsdl:output message="tns:sendTypeAnnouncementResponse" name="sendTypeAnnouncementResponse"></wsdl:output>
    </wsdl:operation>
  </wsdl:portType>
  <wsdl:binding name="CWebServiceSajUtilServicePortSoap11" type="tns:CWebServiceSajUtilServicePort">
    <soap:binding style="document" transport="http://schemas.xmlsoap.org/soap/http"/>
    <wsdl:operation name="sendModifySaj">
      <soap:operation soapAction=""/>
      <wsdl:output name="sendModifySajResponse">
        <soap:body use="literal"/>
      </wsdl:output>
    </wsdl:operation>
    <wsdl:operation name="sendApproveOrRejectDocument">
      <soap:operation soapAction=""/>
      <wsdl:output name="sendApproveOrRejectDocumentResponse">
        <soap:body use="literal"/>
      </wsdl:output>
    </wsdl:operation>
    <wsdl:operation name="sendSupplierSearch">
      <soap:operation soapAction=""/>
      <wsdl:output name="sendSupplierSearchResponse">
        <soap:body use="literal"/>
      </wsdl:output>
    </wsdl:operation>
    <wsdl:operation name="consultarResidenteObra">
      <soap:operation soapAction=""/>
      <wsdl:output name="consultarResidenteObraResponse">
        <soap:body use="literal"/>
      </wsdl:output>
    </wsdl:operation>
    <wsdl:operation name="addFileInPackage">
      <soap:operation soapAction=""/>
      <wsdl:output name="addFileInPackageResponse">
        <soap:body use="literal"/>
      </wsdl:output>
    </wsdl:operation>
    <wsdl:operation name="closeFolio">
      <soap:operation soapAction=""/>
      <wsdl:output name="closeFolioResponse">
        <soap:body use="literal"/>
      </wsdl:output>
    </wsdl:operation>
    <wsdl:operation name="sendResponsable">
      <soap:operation soapAction=""/>
      <wsdl:output name="sendResponsableResponse">
        <soap:body use="literal"/>
      </wsdl:output>
    </wsdl:operation>
    <wsdl:operation name="consultarGerenteConstruccion">
      <soap:operation soapAction=""/>
      <wsdl:output name="consultarGerenteConstruccionResponse">
        <soap:body use="literal"/>
      </wsdl:output>
    </wsdl:operation>
    <wsdl:operation name="sendProjectSearch">
      <soap:operation soapAction=""/>
      <wsdl:output name="sendProjectSearchResponse">
        <soap:body use="literal"/>
      </wsdl:output>
    </wsdl:operation>
    <wsdl:operation name="sendFolio">
      <soap:operation soapAction=""/>
      <wsdl:output name="sendFolioResponse">
        <soap:body use="literal"/>
      </wsdl:output>
    </wsdl:operation>
    <wsdl:operation name="sendPropDestination">
      <soap:operation soapAction=""/>
      <wsdl:output name="sendPropDestinationResponse">
        <soap:body use="literal"/>
      </wsdl:output>
    </wsdl:operation>
    <wsdl:operation name="sendDomicile">
      <soap:operation soapAction=""/>
      <wsdl:output name="sendDomicileResponse">
        <soap:body use="literal"/>
      </wsdl:output>
    </wsdl:operation>
    <wsdl:operation name="sendPersonSearch">
      <soap:operation soapAction=""/>
      <wsdl:output name="sendPersonSearchResponse">
        <soap:body use="literal"/>
      </wsdl:output>
    </wsdl:operation>
    <wsdl:operation name="sendOpportunityLocation">
      <soap:operation soapAction=""/>
      <wsdl:output name="sendOpportunityLocationResponse">
        <soap:body use="literal"/>
      </wsdl:output>
    </wsdl:operation>
    <wsdl:operation name="sendTypeAnnouncement">
      <soap:operation soapAction=""/>
      <wsdl:output name="sendTypeAnnouncementResponse">
        <soap:body use="literal"/>
      </wsdl:output>
    </wsdl:operation>
  </wsdl:binding>
  <wsdl:service name="CWebServiceSajUtilServicePortService">
    <wsdl:port binding="tns:CWebServiceSajUtilServicePortSoap11" name="CWebServiceSajUtilServicePortSoap11">
      <soap:address location="http://sajv2-ifs-mock-server:41581/gateway/ifssvc"/>
    </wsdl:port>
  </wsdl:service>
</wsdl:definitions>]]></con:content><con:type>http://schemas.xmlsoap.org/wsdl/</con:type></con:part></con:definitionCache><con:endpoints><con:endpoint>http://sajv2-ifs-mock-server:41581/gateway/ifssvc</con:endpoint></con:endpoints><con:operation id="ba47828c-7bde-4cd3-9b64-b0d5baa0af3e" isOneWay="false" action="" name="addFileInPackage" bindingOperationName="addFileInPackage" type="Notification" outputName="addFileInPackageResponse" inputName="" receivesAttachments="false" anonymous="optional"><con:settings/><con:call id="2eaa1eca-eaf1-4794-aa1d-80f71532b933" name="Request 1"><con:settings/><con:encoding>UTF-8</con:encoding><con:endpoint>http://sajv2-ifs-mock-server:41581/gateway/ifssvc</con:endpoint><con:request><![CDATA[<soapenv:Envelope xmlns:soapenv="http://schemas.xmlsoap.org/soap/envelope/" xmlns:cweb="http://cwebservicesajutil.webservices.ifsworld.com/">\r
   <soapenv:Header/>\r
   <soapenv:Body>\r
      <cweb:addFileInPackageResponse>\r
         <!--Optional:-->\r
         <return>?</return>\r
      </cweb:addFileInPackageResponse>\r
   </soapenv:Body>\r
</soapenv:Envelope>]]></con:request><con:wsaConfig mustUnderstand="NONE" version="200508"/></con:call></con:operation><con:operation id="7b8292b7-146a-41f2-b38f-ad72d5c6bbc9" isOneWay="false" action="" name="closeFolio" bindingOperationName="closeFolio" type="Notification" outputName="closeFolioResponse" inputName="" receivesAttachments="false" anonymous="optional"><con:settings/><con:call id="79e7629e-882e-415f-ade1-9606a27a7472" name="Request 1"><con:settings/><con:encoding>UTF-8</con:encoding><con:endpoint>http://sajv2-ifs-mock-server:41581/gateway/ifssvc</con:endpoint><con:request><![CDATA[<soapenv:Envelope xmlns:soapenv="http://schemas.xmlsoap.org/soap/envelope/" xmlns:cweb="http://cwebservicesajutil.webservices.ifsworld.com/">\r
   <soapenv:Header/>\r
   <soapenv:Body>\r
      <cweb:closeFolioResponse>\r
         <!--Optional:-->\r
         <return>?</return>\r
      </cweb:closeFolioResponse>\r
   </soapenv:Body>\r
</soapenv:Envelope>]]></con:request><con:credentials><con:authType>No Authorization</con:authType></con:credentials><con:jmsConfig JMSDeliveryMode="PERSISTENT"/><con:jmsPropertyConfig/><con:wsaConfig mustUnderstand="NONE" version="200508"/><con:wsrmConfig version="1.2"/></con:call></con:operation><con:operation id="ca497ab4-e9b7-44ea-9736-0915819322f6" isOneWay="false" action="" name="consultarGerenteConstruccion" bindingOperationName="consultarGerenteConstruccion" type="Notification" outputName="consultarGerenteConstruccionResponse" inputName="" receivesAttachments="false" anonymous="optional"><con:settings/><con:call id="c4565bfa-ac71-4da1-82e9-04bff48e2187" name="Request 1"><con:settings/><con:encoding>UTF-8</con:encoding><con:endpoint>http://sajv2-ifs-mock-server:41581/gateway/ifssvc</con:endpoint><con:request><![CDATA[<soapenv:Envelope xmlns:soapenv="http://schemas.xmlsoap.org/soap/envelope/" xmlns:cweb="http://cwebservicesajutil.webservices.ifsworld.com/">\r
   <soapenv:Header/>\r
   <soapenv:Body>\r
      <cweb:consultarGerenteConstruccionResponse>\r
         <!--Optional:-->\r
         <nombre>?</nombre>\r
         <!--Optional:-->\r
         <telefono>?</telefono>\r
         <!--Optional:-->\r
         <correo>?</correo>\r
         <!--Optional:-->\r
         <extension>?</extension>\r
      </cweb:consultarGerenteConstruccionResponse>\r
   </soapenv:Body>\r
</soapenv:Envelope>]]></con:request><con:wsaConfig mustUnderstand="NONE" version="200508"/></con:call></con:operation><con:operation id="0fe95435-b1da-4a07-a17a-d86ef0cfc4ea" isOneWay="false" action="" name="consultarResidenteObra" bindingOperationName="consultarResidenteObra" type="Notification" outputName="consultarResidenteObraResponse" inputName="" receivesAttachments="false" anonymous="optional"><con:settings/><con:call id="b6251fe0-259c-43ef-8c51-3ed300f11a66" name="Request 1"><con:settings/><con:encoding>UTF-8</con:encoding><con:endpoint>http://sajv2-ifs-mock-server:41581/gateway/ifssvc</con:endpoint><con:request><![CDATA[<soapenv:Envelope xmlns:soapenv="http://schemas.xmlsoap.org/soap/envelope/" xmlns:cweb="http://cwebservicesajutil.webservices.ifsworld.com/">\r
   <soapenv:Header/>\r
   <soapenv:Body>\r
      <cweb:consultarResidenteObraResponse>\r
         <!--Optional:-->\r
         <nombre>?</nombre>\r
         <!--Optional:-->\r
         <telefono>?</telefono>\r
         <!--Optional:-->\r
         <correo>?</correo>\r
      </cweb:consultarResidenteObraResponse>\r
   </soapenv:Body>\r
</soapenv:Envelope>]]></con:request><con:wsaConfig mustUnderstand="NONE" version="200508"/></con:call></con:operation><con:operation id="d6b7cb25-62b2-45ba-b839-8a91983e8f45" isOneWay="false" action="" name="sendApproveOrRejectDocument" bindingOperationName="sendApproveOrRejectDocument" type="Notification" outputName="sendApproveOrRejectDocumentResponse" inputName="" receivesAttachments="false" anonymous="optional"><con:settings/><con:call id="b96a71b2-04b6-49df-862d-b1ae08700c79" name="Request 1"><con:settings/><con:encoding>UTF-8</con:encoding><con:endpoint>http://sajv2-ifs-mock-server:41581/gateway/ifssvc</con:endpoint><con:request><![CDATA[<soapenv:Envelope xmlns:soapenv="http://schemas.xmlsoap.org/soap/envelope/" xmlns:cweb="http://cwebservicesajutil.webservices.ifsworld.com/">\r
   <soapenv:Header/>\r
   <soapenv:Body>\r
      <cweb:sendApproveOrRejectDocumentResponse>\r
         <!--Optional:-->\r
         <return>?</return>\r
      </cweb:sendApproveOrRejectDocumentResponse>\r
   </soapenv:Body>\r
</soapenv:Envelope>]]></con:request><con:wsaConfig mustUnderstand="NONE" version="200508"/></con:call></con:operation><con:operation id="6401d088-d768-41bb-bc9c-c7ff1985d2f8" isOneWay="false" action="" name="sendDomicile" bindingOperationName="sendDomicile" type="Notification" outputName="sendDomicileResponse" inputName="" receivesAttachments="false" anonymous="optional"><con:settings/><con:call id="3e23c472-6b3e-4ad7-9e1c-085ae518b21a" name="Request 1"><con:settings/><con:encoding>UTF-8</con:encoding><con:endpoint>http://sajv2-ifs-mock-server:41581/gateway/ifssvc</con:endpoint><con:request><![CDATA[<soapenv:Envelope xmlns:soapenv="http://schemas.xmlsoap.org/soap/envelope/" xmlns:cweb="http://cwebservicesajutil.webservices.ifsworld.com/">\r
   <soapenv:Header/>\r
   <soapenv:Body>\r
      <cweb:sendDomicileResponse>\r
         <!--Optional:-->\r
         <return>?</return>\r
      </cweb:sendDomicileResponse>\r
   </soapenv:Body>\r
</soapenv:Envelope>]]></con:request><con:wsaConfig mustUnderstand="NONE" version="200508"/></con:call></con:operation><con:operation id="201db39d-dfb3-476e-9ef8-a397c7733d14" isOneWay="false" action="" name="sendFolio" bindingOperationName="sendFolio" type="Notification" outputName="sendFolioResponse" inputName="" receivesAttachments="false" anonymous="optional"><con:settings/><con:call id="fa1d8288-d964-4cc3-a57a-dec1082978b3" name="Request 1"><con:settings/><con:encoding>UTF-8</con:encoding><con:endpoint>http://sajv2-ifs-mock-server:41581/gateway/ifssvc</con:endpoint><con:request><![CDATA[<soapenv:Envelope xmlns:soapenv="http://schemas.xmlsoap.org/soap/envelope/" xmlns:cweb="http://cwebservicesajutil.webservices.ifsworld.com/">\r
   <soapenv:Header/>\r
   <soapenv:Body>\r
      <cweb:sendFolioResponse>\r
         <!--Optional:-->\r
         <return>?</return>\r
      </cweb:sendFolioResponse>\r
   </soapenv:Body>\r
</soapenv:Envelope>]]></con:request><con:wsaConfig mustUnderstand="NONE" version="200508"/></con:call></con:operation><con:operation id="9f1e3a81-0b91-4344-8225-9aeed144c883" isOneWay="false" action="" name="sendModifySaj" bindingOperationName="sendModifySaj" type="Notification" outputName="sendModifySajResponse" inputName="" receivesAttachments="false" anonymous="optional"><con:settings/><con:call id="a1181fc2-01dd-484e-abeb-c38c02ebf6f5" name="Request 1"><con:settings/><con:encoding>UTF-8</con:encoding><con:endpoint>http://sajv2-ifs-mock-server:41581/gateway/ifssvc</con:endpoint><con:request><![CDATA[<soapenv:Envelope xmlns:soapenv="http://schemas.xmlsoap.org/soap/envelope/" xmlns:cweb="http://cwebservicesajutil.webservices.ifsworld.com/">\r
   <soapenv:Header/>\r
   <soapenv:Body>\r
      <cweb:sendModifySajResponse>\r
         <!--Optional:-->\r
         <return>?</return>\r
      </cweb:sendModifySajResponse>\r
   </soapenv:Body>\r
</soapenv:Envelope>]]></con:request><con:wsaConfig mustUnderstand="NONE" version="200508"/></con:call></con:operation><con:operation id="6e9cc89b-0319-456b-b1f9-981ea913e169" isOneWay="false" action="" name="sendOpportunityLocation" bindingOperationName="sendOpportunityLocation" type="Notification" outputName="sendOpportunityLocationResponse" inputName="" receivesAttachments="false" anonymous="optional"><con:settings/><con:call id="dc822e78-c47c-4d35-8064-e1727e3967d2" name="Request 1"><con:settings/><con:encoding>UTF-8</con:encoding><con:endpoint>http://sajv2-ifs-mock-server:41581/gateway/ifssvc</con:endpoint><con:request><![CDATA[<soapenv:Envelope xmlns:soapenv="http://schemas.xmlsoap.org/soap/envelope/" xmlns:cweb="http://cwebservicesajutil.webservices.ifsworld.com/">\r
   <soapenv:Header/>\r
   <soapenv:Body>\r
      <cweb:sendOpportunityLocationResponse>\r
         <!--Optional:-->\r
         <return>?</return>\r
      </cweb:sendOpportunityLocationResponse>\r
   </soapenv:Body>\r
</soapenv:Envelope>]]></con:request><con:wsaConfig mustUnderstand="NONE" version="200508"/></con:call></con:operation><con:operation id="03ad4324-cc21-4a08-89e7-2a98732afd86" isOneWay="false" action="" name="sendPersonSearch" bindingOperationName="sendPersonSearch" type="Notification" outputName="sendPersonSearchResponse" inputName="" receivesAttachments="false" anonymous="optional"><con:settings/><con:call id="31b4ab64-5314-4654-a02b-3633a93011de" name="Request 1"><con:settings/><con:encoding>UTF-8</con:encoding><con:endpoint>http://sajv2-ifs-mock-server:41581/gateway/ifssvc</con:endpoint><con:request><![CDATA[<soapenv:Envelope xmlns:soapenv="http://schemas.xmlsoap.org/soap/envelope/" xmlns:cweb="http://cwebservicesajutil.webservices.ifsworld.com/">\r
   <soapenv:Header/>\r
   <soapenv:Body>\r
      <cweb:sendPersonSearchResponse>\r
         <!--Optional:-->\r
         <return>?</return>\r
      </cweb:sendPersonSearchResponse>\r
   </soapenv:Body>\r
</soapenv:Envelope>]]></con:request><con:wsaConfig mustUnderstand="NONE" version="200508"/></con:call></con:operation><con:operation id="2d129a00-2bdc-4874-91af-48c30583752d" isOneWay="false" action="" name="sendProjectSearch" bindingOperationName="sendProjectSearch" type="Notification" outputName="sendProjectSearchResponse" inputName="" receivesAttachments="false" anonymous="optional"><con:settings/><con:call id="ccd8869e-a32d-4ec9-a3d3-be0ed0cef799" name="Request 1"><con:settings><con:setting id="com.eviware.soapui.impl.wsdl.WsdlRequest@request-headers">&lt;xml-fragment/></con:setting></con:settings><con:encoding>UTF-8</con:encoding><con:endpoint>https://juridicodeveq1.coppel.io:20541/gateway/ifssvc/CWebServiceSajUtil.wsdl</con:endpoint><con:request><![CDATA[<soapenv:Envelope xmlns:soapenv="http://schemas.xmlsoap.org/soap/envelope/" xmlns:cweb="http://cwebservicesajutil.webservices.ifsworld.com/">
   <soapenv:Header>
      <cweb:runAsIdentity>?</cweb:runAsIdentity>
   </soapenv:Header>
   <soapenv:Body>
      <cweb:sendProjectSearch>
         <!--Optional:-->
         <ProgramId>1</ProgramId>
      </cweb:sendProjectSearch>
   </soapenv:Body>
</soapenv:Envelope>]]></con:request><con:credentials><con:authType>No Authorization</con:authType></con:credentials><con:jmsConfig JMSDeliveryMode="PERSISTENT"/><con:jmsPropertyConfig/><con:wsaConfig mustUnderstand="NONE" version="200508"/><con:wsrmConfig version="1.2"/></con:call></con:operation><con:operation id="3716e2c9-92e7-431e-94fd-389d5090e1b6" isOneWay="false" action="" name="sendPropDestination" bindingOperationName="sendPropDestination" type="Notification" outputName="sendPropDestinationResponse" inputName="" receivesAttachments="false" anonymous="optional"><con:settings/><con:call id="f493b0d9-17e6-421a-8f64-82d3d0296240" name="Request 1"><con:settings/><con:encoding>UTF-8</con:encoding><con:endpoint>http://sajv2-ifs-mock-server:41581/gateway/ifssvc</con:endpoint><con:request><![CDATA[<soapenv:Envelope xmlns:soapenv="http://schemas.xmlsoap.org/soap/envelope/" xmlns:cweb="http://cwebservicesajutil.webservices.ifsworld.com/">\r
   <soapenv:Header/>\r
   <soapenv:Body>\r
      <cweb:sendPropDestinationResponse>\r
         <!--Optional:-->\r
         <return>?</return>\r
      </cweb:sendPropDestinationResponse>\r
   </soapenv:Body>\r
</soapenv:Envelope>]]></con:request><con:wsaConfig mustUnderstand="NONE" version="200508"/></con:call></con:operation><con:operation id="1c053a4a-da85-496a-8415-11577d4afefa" isOneWay="false" action="" name="sendResponsable" bindingOperationName="sendResponsable" type="Notification" outputName="sendResponsableResponse" inputName="" receivesAttachments="false" anonymous="optional"><con:settings/><con:call id="483068a9-6f15-4c13-bcec-00a2c1a496cc" name="Request 1"><con:settings/><con:encoding>UTF-8</con:encoding><con:endpoint>http://sajv2-ifs-mock-server:41581/gateway/ifssvc</con:endpoint><con:request><![CDATA[<soapenv:Envelope xmlns:soapenv="http://schemas.xmlsoap.org/soap/envelope/" xmlns:cweb="http://cwebservicesajutil.webservices.ifsworld.com/">\r
   <soapenv:Header/>\r
   <soapenv:Body>\r
      <cweb:sendResponsableResponse>\r
         <!--Optional:-->\r
         <return>?</return>\r
      </cweb:sendResponsableResponse>\r
   </soapenv:Body>\r
</soapenv:Envelope>]]></con:request><con:wsaConfig mustUnderstand="NONE" version="200508"/></con:call></con:operation><con:operation id="d63e04b0-3b6f-4d0d-b8d2-a29a0c0bb5e1" isOneWay="false" action="" name="sendSupplierSearch" bindingOperationName="sendSupplierSearch" type="Notification" outputName="sendSupplierSearchResponse" inputName="" receivesAttachments="false" anonymous="optional"><con:settings/><con:call id="0cc2aa62-a935-4336-97b2-5961027a29c2" name="Request 1"><con:settings/><con:encoding>UTF-8</con:encoding><con:endpoint>http://sajv2-ifs-mock-server:41581/gateway/ifssvc</con:endpoint><con:request><![CDATA[<soapenv:Envelope xmlns:soapenv="http://schemas.xmlsoap.org/soap/envelope/" xmlns:cweb="http://cwebservicesajutil.webservices.ifsworld.com/">\r
   <soapenv:Header/>\r
   <soapenv:Body>\r
      <cweb:sendSupplierSearchResponse>\r
         <!--Optional:-->\r
         <return>?</return>\r
      </cweb:sendSupplierSearchResponse>\r
   </soapenv:Body>\r
</soapenv:Envelope>]]></con:request><con:wsaConfig mustUnderstand="NONE" version="200508"/></con:call></con:operation><con:operation id="295bd24f-05bd-465b-a710-ba644a5ac6fc" isOneWay="false" action="" name="sendTypeAnnouncement" bindingOperationName="sendTypeAnnouncement" type="Notification" outputName="sendTypeAnnouncementResponse" inputName="" receivesAttachments="false" anonymous="optional"><con:settings/><con:call id="c3457577-21fb-4149-ba1f-40f27554523d" name="Request 1"><con:settings/><con:encoding>UTF-8</con:encoding><con:endpoint>http://sajv2-ifs-mock-server:41581/gateway/ifssvc</con:endpoint><con:request><![CDATA[<soapenv:Envelope xmlns:soapenv="http://schemas.xmlsoap.org/soap/envelope/" xmlns:cweb="http://cwebservicesajutil.webservices.ifsworld.com/">\r
   <soapenv:Header/>\r
   <soapenv:Body>\r
      <cweb:sendTypeAnnouncementResponse>\r
         <!--Optional:-->\r
         <return>?</return>\r
      </cweb:sendTypeAnnouncementResponse>\r
   </soapenv:Body>\r
</soapenv:Envelope>]]></con:request><con:wsaConfig mustUnderstand="NONE" version="200508"/></con:call></con:operation></con:interface><con:properties/><con:wssContainer/><con:oAuth2ProfileContainer/><con:oAuth1ProfileContainer/></con:soapui-project>