<?xml version="1.0" encoding="UTF-8"?>
<con:soapui-project id="908b4498-ad0b-4bce-b785-7a5feb52c0fe" activeEnvironment="Default" name="Mock3" resourceRoot="" soapui-version="5.6.0" abortOnError="false" runType="SEQUENTIAL" xmlns:con="http://eviware.com/soapui/config"><con:settings/><con:interface xsi:type="con:WsdlInterface" id="88d3fb73-8f06-483c-9b37-bd91b69c99ee" wsaVersion="NONE" name="CWebServiceSajUtilServicePortSoap11" type="wsdl" bindingName="{http://cwebservicesajutil.webservices.ifsworld.com}CWebServiceSajUtilServicePortSoap11" soapVersion="1_1" anonymous="optional" definition="https://juridicodeveq1.coppel.io:20541/gateway/ifssvc/CWebServiceSajUtil.wsdl" xmlns:xsi="http://www.w3.org/2001/XMLSchema-instance"><con:settings/><con:definitionCache type="TEXT" rootPart="https://juridicodeveq1.coppel.io:20541/gateway/ifssvc/CWebServiceSajUtil.wsdl"><con:part><con:url>https://juridicodeveq1.coppel.io:20541/gateway/ifssvc/CWebServiceSajUtil.wsdl</con:url><con:content><![CDATA[<wsdl:definitions targetNamespace="http://cwebservicesajutil.webservices.ifsworld.com" xmlns:wsdl="http://schemas.xmlsoap.org/wsdl/" xmlns:sch="http://cwebservicesajutil.webservices.ifsworld.com/" xmlns:soap="http://schemas.xmlsoap.org/wsdl/soap/" xmlns:tns="http://cwebservicesajutil.webservices.ifsworld.com">
  <wsdl:types>
    <xsd:schema targetNamespace="http://cwebservicesajutil.webservices.ifsworld.com/" xmlns:ns0="http://cwebservicesajutil.webservices.ifsworld.com/" xmlns:xsd="http://www.w3.org/2001/XMLSchema">
      <xsd:complexType name="addFileInPackage">
        <xsd:sequence>
          <xsd:element minOccurs="0" name="SajFolioNo" type="xsd:decimal"/>
          <xsd:element minOccurs="0" name="SajFileName" type="xsd:string"/>
          <xsd:element minOccurs="0" name="SajFileType" type="xsd:string"/>
          <xsd:element minOccurs="0" name="SajFileClass" type="xsd:string"/>
          <xsd:element minOccurs="0" name="SajFile" nillable="true" type="xsd:base64Binary"/>
        </xsd:sequence>
      </xsd:complexType>
      <xsd:complexType name="addFileInPackageResponse">
        <xsd:sequence>
          <xsd:element minOccurs="0" name="return" type="xsd:string"/>
        </xsd:sequence>
      </xsd:complexType>
      <xsd:complexType name="closeFolio">
        <xsd:sequence>
          <xsd:element minOccurs="0" name="SajFolioNo" type="xsd:decimal"/>
          <xsd:element minOccurs="0" name="ClaspType" type="xsd:string"/>
          <xsd:element minOccurs="0" name="DeadLine" type="xsd:string"/>
          <xsd:element minOccurs="0" name="ClosingForm" type="xsd:string"/>
        </xsd:sequence>
      </xsd:complexType>
      <xsd:complexType name="closeFolioResponse">
        <xsd:sequence>
          <xsd:element minOccurs="0" name="return" type="xsd:string"/>
        </xsd:sequence>
      </xsd:complexType>
      <xsd:complexType name="sendApproveOrRejectDocument">
        <xsd:sequence>
          <xsd:element minOccurs="0" name="StepNo" type="xsd:string"/>
          <xsd:element minOccurs="0" name="SajFolio" type="xsd:string"/>
          <xsd:element minOccurs="0" name="SucessSaj" type="xsd:decimal"/>
          <xsd:element minOccurs="0" name="PersonId" type="xsd:string"/>
          <xsd:element minOccurs="0" name="ApprovalStatus" type="xsd:string"/>
          <xsd:element minOccurs="0" name="Note" type="xsd:string"/>
        </xsd:sequence>
      </xsd:complexType>
      <xsd:complexType name="sendApproveOrRejectDocumentResponse">
        <xsd:sequence>
          <xsd:element minOccurs="0" name="return" type="xsd:string"/>
        </xsd:sequence>
      </xsd:complexType>
      <xsd:complexType name="sendModifySaj">
        <xsd:sequence>
          <xsd:element minOccurs="0" name="SajFolio" type="xsd:decimal"/>
          <xsd:element minOccurs="0" name="StateId" type="xsd:string"/>
          <xsd:element minOccurs="0" name="CityId" type="xsd:string"/>
          <xsd:element minOccurs="0" name="IdEfilialSaj" type="xsd:decimal"/>
          <xsd:element minOccurs="0" name="CenterId" type="xsd:string"/>
          <xsd:element minOccurs="0" name="RegionId" type="xsd:string"/>
          <xsd:element minOccurs="0" name="Responsible" type="xsd:string"/>
          <xsd:element minOccurs="0" name="CountyId" type="xsd:string"/>
        </xsd:sequence>
      </xsd:complexType>
      <xsd:complexType name="sendModifySajResponse">
        <xsd:sequence>
          <xsd:element minOccurs="0" name="return" type="xsd:string"/>
        </xsd:sequence>
      </xsd:complexType>
      <xsd:complexType name="sendOpportunityLocation">
        <xsd:sequence>
          <xsd:element minOccurs="0" name="SajFolio" type="xsd:decimal"/>
          <xsd:element minOccurs="0" name="OpportunityCode" type="xsd:string"/>
          <xsd:element minOccurs="0" name="AddressId" type="xsd:string"/>
          <xsd:element minOccurs="0" name="TypeRoadsId" type="xsd:string"/>
          <xsd:element minOccurs="0" name="RoadName" type="xsd:string"/>
          <xsd:element minOccurs="0" name="OutdoorNumber" type="xsd:string"/>
          <xsd:element minOccurs="0" name="InteriorNumber" type="xsd:string"/>
          <xsd:element minOccurs="0" name="BetweenStreet" type="xsd:string"/>
          <xsd:element minOccurs="0" name="AndStreet" type="xsd:string"/>
          <xsd:element minOccurs="0" name="CornerWith" type="xsd:string"/>
          <xsd:element minOccurs="0" name="Colony" type="xsd:string"/>
          <xsd:element minOccurs="0" name="PostalCode" type="xsd:decimal"/>
          <xsd:element minOccurs="0" name="MunicipalityId" type="xsd:string"/>
          <xsd:element minOccurs="0" name="CityId" type="xsd:string"/>
          <xsd:element minOccurs="0" name="StateId" type="xsd:string"/>
          <xsd:element minOccurs="0" name="TypeNegotiation" type="xsd:string"/>
          <xsd:element minOccurs="0" name="LegalRepresentative" type="xsd:string"/>
          <xsd:element minOccurs="0" name="ExpansionBuyer" type="xsd:string"/>
          <xsd:element minOccurs="0" name="ExpansionBuyerEmail" type="xsd:string"/>
          <xsd:element minOccurs="0" name="RegionalPropertyManager" type="xsd:string"/>
          <xsd:element minOccurs="0" name="RegionalPropManagerEmail" type="xsd:string"/>
          <xsd:element minOccurs="0" name="DestinationId" type="xsd:string"/>
          <xsd:element minOccurs="0" name="MainContact" type="xsd:string"/>
          <xsd:element minOccurs="0" name="MainRepresentativeId" type="xsd:string"/>
          <xsd:element minOccurs="0" name="ContractingId" type="xsd:decimal"/>
          <xsd:element minOccurs="0" name="OperatingAmount" type="xsd:string"/>
          <xsd:element minOccurs="0" name="IntegrationProject" type="xsd:decimal"/>
          <xsd:element minOccurs="0" name="RegionId" type="xsd:string"/>
        </xsd:sequence>
      </xsd:complexType>
      <xsd:complexType name="sendOpportunityLocationResponse">
        <xsd:sequence>
          <xsd:element minOccurs="0" name="return" type="xsd:string"/>
        </xsd:sequence>
      </xsd:complexType>
      <xsd:complexType name="sendPersonSearch">
        <xsd:sequence>
          <xsd:element minOccurs="0" name="PersonId" type="xsd:string"/>
        </xsd:sequence>
      </xsd:complexType>
      <xsd:complexType name="sendPersonSearchResponse">
        <xsd:sequence>
          <xsd:element minOccurs="0" name="return" type="xsd:string"/>
        </xsd:sequence>
      </xsd:complexType>
      <xsd:complexType name="sendProjectSearch">
        <xsd:sequence>
          <xsd:element minOccurs="0" name="ProgramId" type="xsd:string"/>
        </xsd:sequence>
      </xsd:complexType>
      <xsd:complexType name="sendProjectSearchResponse">
        <xsd:sequence>
          <xsd:element minOccurs="0" name="return" type="xsd:string"/>
        </xsd:sequence>
      </xsd:complexType>
      <xsd:complexType name="sendPropDestination">
        <xsd:sequence>
          <xsd:element minOccurs="0" name="PropertiesDestination" type="xsd:decimal"/>
          <xsd:element minOccurs="0" name="PropertiesDestName" type="xsd:string"/>
          <xsd:element minOccurs="0" name="Action" type="xsd:string"/>
        </xsd:sequence>
      </xsd:complexType>
      <xsd:complexType name="sendPropDestinationResponse">
        <xsd:sequence>
          <xsd:element minOccurs="0" name="return" type="xsd:string"/>
        </xsd:sequence>
      </xsd:complexType>
      <xsd:complexType name="sendResponsable">
        <xsd:sequence>
          <xsd:element minOccurs="0" name="SajFolio" type="xsd:decimal"/>
          <xsd:element minOccurs="0" name="Responsable" type="xsd:string"/>
        </xsd:sequence>
      </xsd:complexType>
      <xsd:complexType name="sendResponsableResponse">
        <xsd:sequence>
          <xsd:element minOccurs="0" name="return" type="xsd:string"/>
        </xsd:sequence>
      </xsd:complexType>
      <xsd:complexType name="sendSupplierSearch">
        <xsd:sequence>
          <xsd:element minOccurs="0" name="SupplierId" type="xsd:string"/>
        </xsd:sequence>
      </xsd:complexType>
      <xsd:complexType name="sendSupplierSearchResponse">
        <xsd:sequence>
          <xsd:element minOccurs="0" name="return" type="xsd:string"/>
        </xsd:sequence>
      </xsd:complexType>
      <xsd:complexType name="sendTypeAnnouncement">
        <xsd:sequence>
          <xsd:element minOccurs="0" name="AdType" type="xsd:decimal"/>
          <xsd:element minOccurs="0" name="AdTypeName" type="xsd:string"/>
          <xsd:element minOccurs="0" name="Action" type="xsd:string"/>
        </xsd:sequence>
      </xsd:complexType>
      <xsd:complexType name="sendTypeAnnouncementResponse">
        <xsd:sequence>
          <xsd:element minOccurs="0" name="return" type="xsd:string"/>
        </xsd:sequence>
      </xsd:complexType>
      <xsd:complexType name="sendDomicile">
        <xsd:sequence>
          <xsd:element minOccurs="1" name="PropertyId" type="xsd:string"/>
          <xsd:element minOccurs="1" name="PropertyName" type="xsd:string"/>
          <xsd:element minOccurs="1" name="TypeRoadsId" type="xsd:string"/>
          <xsd:element minOccurs="1" name="RoadName" type="xsd:string"/>
          <xsd:element minOccurs="1" name="OutdoorNumber" type="xsd:string"/>
          <xsd:element minOccurs="0" name="InteriorNumber" type="xsd:string"/>
          <xsd:element minOccurs="0" name="BetweenStreet" type="xsd:string"/>
          <xsd:element minOccurs="1" name="AndStreet" type="xsd:string"/>
          <xsd:element minOccurs="1" name="CornerWith" type="xsd:string"/>
          <xsd:element minOccurs="1" name="Colony" type="xsd:string"/>
          <xsd:element minOccurs="1" name="PostalCode" type="xsd:decimal"/>
          <xsd:element minOccurs="1" name="MunicipalityId" type="xsd:string"/>
          <xsd:element minOccurs="0" name="CityId" type="xsd:string"/>
          <xsd:element minOccurs="1" name="StateId" type="xsd:string"/>
          <xsd:element minOccurs="1" name="CenterId" type="xsd:string"/>
          <xsd:element minOccurs="1" name="CenterName" type="xsd:string"/>
          <xsd:element minOccurs="0" name="Local" type="xsd:string"/>
          <xsd:element minOccurs="0" name="Square" type="xsd:boolean"/>
          <xsd:element minOccurs="0" name="SquareName" type="xsd:string"/>
        </xsd:sequence>
      </xsd:complexType>
      <xsd:complexType name="sendDomicileResponse">
        <xsd:sequence>
          <xsd:element minOccurs="0" name="return" type="xsd:string"/>
        </xsd:sequence>
      </xsd:complexType>
      <xsd:complexType name="sendFolio">
        <xsd:sequence>
          <xsd:element minOccurs="1" name="folio" type="xsd:string"/>
          <xsd:element minOccurs="1" name="inmueble" type="xsd:string"/>
        </xsd:sequence>
      </xsd:complexType>
      <xsd:complexType name="sendFolioResponse">
        <xsd:sequence>
          <xsd:element minOccurs="0" name="return" type="xsd:string"/>
        </xsd:sequence>
      </xsd:complexType>
      <xsd:complexType name="consultarResidenteObra">
        <xsd:sequence>
          <xsd:element minOccurs="1" name="numero" type="xsd:integer"/>
        </xsd:sequence>
      </xsd:complexType>
      <xsd:complexType name="consultarGerenteConstruccion">
        <xsd:sequence>
          <xsd:element minOccurs="1" name="numero" type="xsd:integer"/>
        </xsd:sequence>
      </xsd:complexType>
      <xsd:complexType name="consultarResidenteObraResponse">
        <xsd:sequence>
          <xsd:element minOccurs="0" name="nombre" type="xsd:string"/>
          <xsd:element minOccurs="0" name="telefono" type="xsd:string"/>
          <xsd:element minOccurs="0" name="correo" type="xsd:string"/>
        </xsd:sequence>
      </xsd:complexType>
      <xsd:complexType name="consultarGerenteConstruccionResponse">
        <xsd:sequence>
          <xsd:element minOccurs="0" name="nombre" type="xsd:string"/>
          <xsd:element minOccurs="0" name="telefono" type="xsd:string"/>
          <xsd:element minOccurs="0" name="correo" type="xsd:string"/>
          <xsd:element minOccurs="0" name="extension" type="xsd:string"/>
        </xsd:sequence>
      </xsd:complexType>
      <xsd:complexType name="ServiceException">
        <xsd:sequence>
          <xsd:element minOccurs="0" name="extraInfo" type="xsd:string"/>
          <xsd:element minOccurs="0" name="message" type="xsd:string"/>
          <xsd:element minOccurs="0" name="type" type="xsd:string"/>
        </xsd:sequence>
      </xsd:complexType>
      <xsd:element name="addFileInPackage" type="ns0:addFileInPackage"/>
      <xsd:element name="addFileInPackageResponse" type="ns0:addFileInPackageResponse"/>
      <xsd:element name="closeFolio" type="ns0:closeFolio"/>
      <xsd:element name="closeFolioResponse" type="ns0:closeFolioResponse"/>
      <xsd:element name="sendApproveOrRejectDocument" type="ns0:sendApproveOrRejectDocument"/>
      <xsd:element name="sendApproveOrRejectDocumentResponse" type="ns0:sendApproveOrRejectDocumentResponse"/>
      <xsd:element name="sendModifySaj" type="ns0:sendModifySaj"/>
      <xsd:element name="sendModifySajResponse" type="ns0:sendModifySajResponse"/>
      <xsd:element name="sendOpportunityLocation" type="ns0:sendOpportunityLocation"/>
      <xsd:element name="sendOpportunityLocationResponse" type="ns0:sendOpportunityLocationResponse"/>
      <xsd:element name="sendPersonSearch" type="ns0:sendPersonSearch"/>
      <xsd:element name="sendPersonSearchResponse" type="ns0:sendPersonSearchResponse"/>
      <xsd:element name="sendProjectSearch" type="ns0:sendProjectSearch"/>
      <xsd:element name="sendProjectSearchResponse" type="ns0:sendProjectSearchResponse"/>
      <xsd:element name="sendPropDestination" type="ns0:sendPropDestination"/>
      <xsd:element name="sendPropDestinationResponse" type="ns0:sendPropDestinationResponse"/>
      <xsd:element name="sendResponsable" type="ns0:sendResponsable"/>
      <xsd:element name="sendResponsableResponse" type="ns0:sendResponsableResponse"/>
      <xsd:element name="sendSupplierSearch" type="ns0:sendSupplierSearch"/>
      <xsd:element name="sendSupplierSearchResponse" type="ns0:sendSupplierSearchResponse"/>
      <xsd:element name="sendTypeAnnouncement" type="ns0:sendTypeAnnouncement"/>
      <xsd:element name="sendTypeAnnouncementResponse" type="ns0:sendTypeAnnouncementResponse"/>
      <xsd:element name="sendDomicile" type="ns0:sendDomicile"/>
      <xsd:element name="sendDomicileResponse" type="ns0:sendDomicileResponse"/>
      <xsd:element name="sendFolio" type="ns0:sendFolio"/>
      <xsd:element name="sendFolioResponse" type="ns0:sendFolioResponse"/>
      <xsd:element name="consultarResidenteObra" type="ns0:consultarResidenteObra"/>
      <xsd:element name="consultarGerenteConstruccion" type="ns0:consultarGerenteConstruccion"/>
      <xsd:element name="consultarResidenteObraResponse" type="ns0:consultarResidenteObraResponse"/>
      <xsd:element name="consultarGerenteConstruccionResponse" type="ns0:consultarGerenteConstruccionResponse"/>
      <xsd:element name="ServiceException" type="ns0:ServiceException"/>
      <xsd:element name="runAsIdentity" nillable="true" type="xsd:string"/>
    </xsd:schema>
  </wsdl:types>
  <wsdl:message name="sendModifySajResponse">
    <wsdl:part element="sch:sendModifySajResponse" name="sendModifySajResponse"></wsdl:part>
  </wsdl:message>
  <wsdl:message name="sendApproveOrRejectDocumentResponse">
    <wsdl:part element="sch:sendApproveOrRejectDocumentResponse" name="sendApproveOrRejectDocumentResponse"></wsdl:part>
  </wsdl:message>
  <wsdl:message name="sendSupplierSearchResponse">
    <wsdl:part element="sch:sendSupplierSearchResponse" name="sendSupplierSearchResponse"></wsdl:part>
  </wsdl:message>
  <wsdl:message name="consultarResidenteObraResponse">
    <wsdl:part element="sch:consultarResidenteObraResponse" name="consultarResidenteObraResponse"></wsdl:part>
  </wsdl:message>
  <wsdl:message name="addFileInPackageResponse">
    <wsdl:part element="sch:addFileInPackageResponse" name="addFileInPackageResponse"></wsdl:part>
  </wsdl:message>
  <wsdl:message name="closeFolioResponse">
    <wsdl:part element="sch:closeFolioResponse" name="closeFolioResponse"></wsdl:part>
  </wsdl:message>
  <wsdl:message name="sendResponsableResponse">
    <wsdl:part element="sch:sendResponsableResponse" name="sendResponsableResponse"></wsdl:part>
  </wsdl:message>
  <wsdl:message name="consultarGerenteConstruccionResponse">
    <wsdl:part element="sch:consultarGerenteConstruccionResponse" name="consultarGerenteConstruccionResponse"></wsdl:part>
  </wsdl:message>
  <wsdl:message name="sendProjectSearchResponse">
    <wsdl:part element="sch:sendProjectSearchResponse" name="sendProjectSearchResponse"></wsdl:part>
  </wsdl:message>
  <wsdl:message name="sendFolioResponse">
    <wsdl:part element="sch:sendFolioResponse" name="sendFolioResponse"></wsdl:part>
  </wsdl:message>
  <wsdl:message name="sendPropDestinationResponse">
    <wsdl:part element="sch:sendPropDestinationResponse" name="sendPropDestinationResponse"></wsdl:part>
  </wsdl:message>
  <wsdl:message name="sendDomicileResponse">
    <wsdl:part element="sch:sendDomicileResponse" name="sendDomicileResponse"></wsdl:part>
  </wsdl:message>
  <wsdl:message name="sendPersonSearchResponse">
    <wsdl:part element="sch:sendPersonSearchResponse" name="sendPersonSearchResponse"></wsdl:part>
  </wsdl:message>
  <wsdl:message name="sendOpportunityLocationResponse">
    <wsdl:part element="sch:sendOpportunityLocationResponse" name="sendOpportunityLocationResponse"></wsdl:part>
  </wsdl:message>
  <wsdl:message name="sendTypeAnnouncementResponse">
    <wsdl:part element="sch:sendTypeAnnouncementResponse" name="sendTypeAnnouncementResponse"></wsdl:part>
  </wsdl:message>
  <wsdl:portType name="CWebServiceSajUtilServicePort">
    <wsdl:operation name="sendModifySaj">
      <wsdl:output message="tns:sendModifySajResponse" name="sendModifySajResponse"></wsdl:output>
    </wsdl:operation>
    <wsdl:operation name="sendApproveOrRejectDocument">
      <wsdl:output message="tns:sendApproveOrRejectDocumentResponse" name="sendApproveOrRejectDocumentResponse"></wsdl:output>
    </wsdl:operation>
    <wsdl:operation name="sendSupplierSearch">
      <wsdl:output message="tns:sendSupplierSearchResponse" name="sendSupplierSearchResponse"></wsdl:output>
    </wsdl:operation>
    <wsdl:operation name="consultarResidenteObra">
      <wsdl:output message="tns:consultarResidenteObraResponse" name="consultarResidenteObraResponse"></wsdl:output>
    </wsdl:operation>
    <wsdl:operation name="addFileInPackage">
      <wsdl:output message="tns:addFileInPackageResponse" name="addFileInPackageResponse"></wsdl:output>
    </wsdl:operation>
    <wsdl:operation name="closeFolio">
      <wsdl:output message="tns:closeFolioResponse" name="closeFolioResponse"></wsdl:output>
    </wsdl:operation>
    <wsdl:operation name="sendResponsable">
      <wsdl:output message="tns:sendResponsableResponse" name="sendResponsableResponse"></wsdl:output>
    </wsdl:operation>
    <wsdl:operation name="consultarGerenteConstruccion">
      <wsdl:output message="tns:consultarGerenteConstruccionResponse" name="consultarGerenteConstruccionResponse"></wsdl:output>
    </wsdl:operation>
    <wsdl:operation name="sendProjectSearch">
      <wsdl:output message="tns:sendProjectSearchResponse" name="sendProjectSearchResponse"></wsdl:output>
    </wsdl:operation>
    <wsdl:operation name="sendFolio">
      <wsdl:output message="tns:sendFolioResponse" name="sendFolioResponse"></wsdl:output>
    </wsdl:operation>
    <wsdl:operation name="sendPropDestination">
      <wsdl:output message="tns:sendPropDestinationResponse" name="sendPropDestinationResponse"></wsdl:output>
    </wsdl:operation>
    <wsdl:operation name="sendDomicile">
      <wsdl:output message="tns:sendDomicileResponse" name="sendDomicileResponse"></wsdl:output>
    </wsdl:operation>
    <wsdl:operation name="sendPersonSearch">
      <wsdl:output message="tns:sendPersonSearchResponse" name="sendPersonSearchResponse"></wsdl:output>
    </wsdl:operation>
    <wsdl:operation name="sendOpportunityLocation">
      <wsdl:output message="tns:sendOpportunityLocationResponse" name="sendOpportunityLocationResponse"></wsdl:output>
    </wsdl:operation>
    <wsdl:operation name="sendTypeAnnouncement">
      <wsdl:output message="tns:sendTypeAnnouncementResponse" name="sendTypeAnnouncementResponse"></wsdl:output>
    </wsdl:operation>
  </wsdl:portType>
  <wsdl:binding name="CWebServiceSajUtilServicePortSoap11" type="tns:CWebServiceSajUtilServicePort">
    <soap:binding style="document" transport="http://schemas.xmlsoap.org/soap/http"/>
    <wsdl:operation name="sendModifySaj">
      <soap:operation soapAction=""/>
      <wsdl:output name="sendModifySajResponse">
        <soap:body use="literal"/>
      </wsdl:output>
    </wsdl:operation>
    <wsdl:operation name="sendApproveOrRejectDocument">
      <soap:operation soapAction=""/>
      <wsdl:output name="sendApproveOrRejectDocumentResponse">
        <soap:body use="literal"/>
      </wsdl:output>
    </wsdl:operation>
    <wsdl:operation name="sendSupplierSearch">
      <soap:operation soapAction=""/>
      <wsdl:output name="sendSupplierSearchResponse">
        <soap:body use="literal"/>
      </wsdl:output>
    </wsdl:operation>
    <wsdl:operation name="consultarResidenteObra">
      <soap:operation soapAction=""/>
      <wsdl:output name="consultarResidenteObraResponse">
        <soap:body use="literal"/>
      </wsdl:output>
    </wsdl:operation>
    <wsdl:operation name="addFileInPackage">
      <soap:operation soapAction=""/>
      <wsdl:output name="addFileInPackageResponse">
        <soap:body use="literal"/>
      </wsdl:output>
    </wsdl:operation>
    <wsdl:operation name="closeFolio">
      <soap:operation soapAction=""/>
      <wsdl:output name="closeFolioResponse">
        <soap:body use="literal"/>
      </wsdl:output>
    </wsdl:operation>
    <wsdl:operation name="sendResponsable">
      <soap:operation soapAction=""/>
      <wsdl:output name="sendResponsableResponse">
        <soap:body use="literal"/>
      </wsdl:output>
    </wsdl:operation>
    <wsdl:operation name="consultarGerenteConstruccion">
      <soap:operation soapAction=""/>
      <wsdl:output name="consultarGerenteConstruccionResponse">
        <soap:body use="literal"/>
      </wsdl:output>
    </wsdl:operation>
    <wsdl:operation name="sendProjectSearch">
      <soap:operation soapAction=""/>
      <wsdl:output name="sendProjectSearchResponse">
        <soap:body use="literal"/>
      </wsdl:output>
    </wsdl:operation>
    <wsdl:operation name="sendFolio">
      <soap:operation soapAction=""/>
      <wsdl:output name="sendFolioResponse">
        <soap:body use="literal"/>
      </wsdl:output>
    </wsdl:operation>
    <wsdl:operation name="sendPropDestination">
      <soap:operation soapAction=""/>
      <wsdl:output name="sendPropDestinationResponse">
        <soap:body use="literal"/>
      </wsdl:output>
    </wsdl:operation>
    <wsdl:operation name="sendDomicile">
      <soap:operation soapAction=""/>
      <wsdl:output name="sendDomicileResponse">
        <soap:body use="literal"/>
      </wsdl:output>
    </wsdl:operation>
    <wsdl:operation name="sendPersonSearch">
      <soap:operation soapAction=""/>
      <wsdl:output name="sendPersonSearchResponse">
        <soap:body use="literal"/>
      </wsdl:output>
    </wsdl:operation>
    <wsdl:operation name="sendOpportunityLocation">
      <soap:operation soapAction=""/>
      <wsdl:output name="sendOpportunityLocationResponse">
        <soap:body use="literal"/>
      </wsdl:output>
    </wsdl:operation>
    <wsdl:operation name="sendTypeAnnouncement">
      <soap:operation soapAction=""/>
      <wsdl:output name="sendTypeAnnouncementResponse">
        <soap:body use="literal"/>
      </wsdl:output>
    </wsdl:operation>
  </wsdl:binding>
  <wsdl:service name="CWebServiceSajUtilServicePortService">
    <wsdl:port binding="tns:CWebServiceSajUtilServicePortSoap11" name="CWebServiceSajUtilServicePortSoap11">
      <soap:address location="http://sajv2-ifs-mock-server:35577/gateway/ifssvc"/>
    </wsdl:port>
  </wsdl:service>
</wsdl:definitions>]]></con:content><con:type>http://schemas.xmlsoap.org/wsdl/</con:type></con:part></con:definitionCache><con:endpoints><con:endpoint>http://sajv2-ifs-mock-server:35577/gateway/ifssvc</con:endpoint></con:endpoints><con:operation id="d25f45a0-c2c6-4cae-b870-1ed5991d83a3" isOneWay="false" action="" name="addFileInPackage" bindingOperationName="addFileInPackage" type="Notification" outputName="addFileInPackageResponse" inputName="" receivesAttachments="false" anonymous="optional"><con:settings/><con:call id="e0e47588-080d-4d34-abf9-ccb9dcfbcd4e" name="Request 1"><con:settings/><con:encoding>UTF-8</con:encoding><con:endpoint>http://sajv2-ifs-mock-server:35577/gateway/ifssvc</con:endpoint><con:request><![CDATA[<soapenv:Envelope xmlns:soapenv="http://schemas.xmlsoap.org/soap/envelope/" xmlns:cweb="http://cwebservicesajutil.webservices.ifsworld.com/">\r
   <soapenv:Header/>\r
   <soapenv:Body>\r
      <cweb:addFileInPackageResponse>\r
         <!--Optional:-->\r
         <return>?</return>\r
      </cweb:addFileInPackageResponse>\r
   </soapenv:Body>\r
</soapenv:Envelope>]]></con:request><con:wsaConfig mustUnderstand="NONE" version="200508"/></con:call></con:operation><con:operation id="43933e6c-2573-4621-93b2-af55253d5c5f" isOneWay="false" action="" name="closeFolio" bindingOperationName="closeFolio" type="Notification" outputName="closeFolioResponse" inputName="" receivesAttachments="false" anonymous="optional"><con:settings/><con:call id="3785f556-9a7f-404b-939f-ced0c0047f37" name="Request 1"><con:settings/><con:encoding>UTF-8</con:encoding><con:endpoint>http://sajv2-ifs-mock-server:35577/gateway/ifssvc</con:endpoint><con:request><![CDATA[<soapenv:Envelope xmlns:soapenv="http://schemas.xmlsoap.org/soap/envelope/" xmlns:cweb="http://cwebservicesajutil.webservices.ifsworld.com/">\r
   <soapenv:Header/>\r
   <soapenv:Body>\r
      <cweb:closeFolioResponse>\r
         <!--Optional:-->\r
         <return>?</return>\r
      </cweb:closeFolioResponse>\r
   </soapenv:Body>\r
</soapenv:Envelope>]]></con:request><con:credentials><con:authType>No Authorization</con:authType></con:credentials><con:jmsConfig JMSDeliveryMode="PERSISTENT"/><con:jmsPropertyConfig/><con:wsaConfig mustUnderstand="NONE" version="200508"/><con:wsrmConfig version="1.2"/></con:call></con:operation><con:operation id="81ba4a77-464b-4605-a21c-c4aafe2b75ba" isOneWay="false" action="" name="consultarGerenteConstruccion" bindingOperationName="consultarGerenteConstruccion" type="Notification" outputName="consultarGerenteConstruccionResponse" inputName="" receivesAttachments="false" anonymous="optional"><con:settings/><con:call id="080716ab-6cfb-4295-9ac6-e79214048d68" name="Request 1"><con:settings/><con:encoding>UTF-8</con:encoding><con:endpoint>http://sajv2-ifs-mock-server:35577/gateway/ifssvc</con:endpoint><con:request><![CDATA[<soapenv:Envelope xmlns:soapenv="http://schemas.xmlsoap.org/soap/envelope/" xmlns:cweb="http://cwebservicesajutil.webservices.ifsworld.com/">\r
   <soapenv:Header/>\r
   <soapenv:Body>\r
      <cweb:consultarGerenteConstruccionResponse>\r
         <!--Optional:-->\r
         <nombre>?</nombre>\r
         <!--Optional:-->\r
         <telefono>?</telefono>\r
         <!--Optional:-->\r
         <correo>?</correo>\r
         <!--Optional:-->\r
         <extension>?</extension>\r
      </cweb:consultarGerenteConstruccionResponse>\r
   </soapenv:Body>\r
</soapenv:Envelope>]]></con:request><con:wsaConfig mustUnderstand="NONE" version="200508"/></con:call></con:operation><con:operation id="b0d80c62-e39a-4f68-9f62-65f68901911b" isOneWay="false" action="" name="consultarResidenteObra" bindingOperationName="consultarResidenteObra" type="Notification" outputName="consultarResidenteObraResponse" inputName="" receivesAttachments="false" anonymous="optional"><con:settings/><con:call id="5a79b379-9381-4efd-a87d-11fb2f50ee31" name="Request 1"><con:settings/><con:encoding>UTF-8</con:encoding><con:endpoint>http://sajv2-ifs-mock-server:35577/gateway/ifssvc</con:endpoint><con:request><![CDATA[<soapenv:Envelope xmlns:soapenv="http://schemas.xmlsoap.org/soap/envelope/" xmlns:cweb="http://cwebservicesajutil.webservices.ifsworld.com/">\r
   <soapenv:Header/>\r
   <soapenv:Body>\r
      <cweb:consultarResidenteObraResponse>\r
         <!--Optional:-->\r
         <nombre>?</nombre>\r
         <!--Optional:-->\r
         <telefono>?</telefono>\r
         <!--Optional:-->\r
         <correo>?</correo>\r
      </cweb:consultarResidenteObraResponse>\r
   </soapenv:Body>\r
</soapenv:Envelope>]]></con:request><con:wsaConfig mustUnderstand="NONE" version="200508"/></con:call></con:operation><con:operation id="86a1f057-ffe6-4cf4-b24f-e549ccd57d7c" isOneWay="false" action="" name="sendApproveOrRejectDocument" bindingOperationName="sendApproveOrRejectDocument" type="Notification" outputName="sendApproveOrRejectDocumentResponse" inputName="" receivesAttachments="false" anonymous="optional"><con:settings/><con:call id="559d4cda-e152-4c3a-bf71-70c75b71aeaf" name="Request 1"><con:settings/><con:encoding>UTF-8</con:encoding><con:endpoint>http://sajv2-ifs-mock-server:35577/gateway/ifssvc</con:endpoint><con:request><![CDATA[<soapenv:Envelope xmlns:soapenv="http://schemas.xmlsoap.org/soap/envelope/" xmlns:cweb="http://cwebservicesajutil.webservices.ifsworld.com/">\r
   <soapenv:Header/>\r
   <soapenv:Body>\r
      <cweb:sendApproveOrRejectDocumentResponse>\r
         <!--Optional:-->\r
         <return>?</return>\r
      </cweb:sendApproveOrRejectDocumentResponse>\r
   </soapenv:Body>\r
</soapenv:Envelope>]]></con:request><con:wsaConfig mustUnderstand="NONE" version="200508"/></con:call></con:operation><con:operation id="1f962d06-6e6d-49d3-91af-eda7cfc25094" isOneWay="false" action="" name="sendDomicile" bindingOperationName="sendDomicile" type="Notification" outputName="sendDomicileResponse" inputName="" receivesAttachments="false" anonymous="optional"><con:settings/><con:call id="0d7be2fb-987c-4216-be2c-1722f20a3f2d" name="Request 1"><con:settings/><con:encoding>UTF-8</con:encoding><con:endpoint>http://sajv2-ifs-mock-server:35577/gateway/ifssvc</con:endpoint><con:request><![CDATA[<soapenv:Envelope xmlns:soapenv="http://schemas.xmlsoap.org/soap/envelope/" xmlns:cweb="http://cwebservicesajutil.webservices.ifsworld.com/">\r
   <soapenv:Header/>\r
   <soapenv:Body>\r
      <cweb:sendDomicileResponse>\r
         <!--Optional:-->\r
         <return>?</return>\r
      </cweb:sendDomicileResponse>\r
   </soapenv:Body>\r
</soapenv:Envelope>]]></con:request><con:wsaConfig mustUnderstand="NONE" version="200508"/></con:call></con:operation><con:operation id="1cd91de6-309b-4c56-aa94-9f1d1f18b555" isOneWay="false" action="" name="sendFolio" bindingOperationName="sendFolio" type="Notification" outputName="sendFolioResponse" inputName="" receivesAttachments="false" anonymous="optional"><con:settings/><con:call id="d34306c0-ab20-41be-be47-5897079d130f" name="Request 1"><con:settings><con:setting id="com.eviware.soapui.impl.wsdl.WsdlRequest@request-headers">&lt;xml-fragment/></con:setting></con:settings><con:encoding>UTF-8</con:encoding><con:endpoint>https://juridicodeveq1.coppel.io:20541/gateway/ifssvc/CWebServiceSajUtil</con:endpoint><con:request><![CDATA[<soapenv:Envelope xmlns:soapenv="http://schemas.xmlsoap.org/soap/envelope/" xmlns:cweb="http://cwebservicesajutil.webservices.ifsworld.com/">
   <soapenv:Header>
      <cweb:runAsIdentity>?</cweb:runAsIdentity>
   </soapenv:Header>
   <soapenv:Body>
      <cweb:sendFolio>
         <!--Optional:-->
         <SajFolio>?</SajFolio>
         <!--Optional:-->
         <FolioNuevo>?</FolioNuevo>
         <!--Optional:-->
         <Inmueble>?</Inmueble>
      </cweb:sendFolio>
   </soapenv:Body>
</soapenv:Envelope>]]></con:request><con:credentials><con:authType>No Authorization</con:authType></con:credentials><con:jmsConfig JMSDeliveryMode="PERSISTENT"/><con:jmsPropertyConfig/><con:wsaConfig mustUnderstand="NONE" version="200508"/><con:wsrmConfig version="1.2"/></con:call></con:operation><con:operation id="9ce12e76-fec4-4b4d-a06f-82c2aefbcecd" isOneWay="false" action="" name="sendModifySaj" bindingOperationName="sendModifySaj" type="Notification" outputName="sendModifySajResponse" inputName="" receivesAttachments="false" anonymous="optional"><con:settings/><con:call id="2b75ae58-7aeb-4412-904d-5a744b873abd" name="Request 1"><con:settings/><con:encoding>UTF-8</con:encoding><con:endpoint>http://sajv2-ifs-mock-server:35577/gateway/ifssvc</con:endpoint><con:request><![CDATA[<soapenv:Envelope xmlns:soapenv="http://schemas.xmlsoap.org/soap/envelope/" xmlns:cweb="http://cwebservicesajutil.webservices.ifsworld.com/">\r
   <soapenv:Header/>\r
   <soapenv:Body>\r
      <cweb:sendModifySajResponse>\r
         <!--Optional:-->\r
         <return>?</return>\r
      </cweb:sendModifySajResponse>\r
   </soapenv:Body>\r
</soapenv:Envelope>]]></con:request><con:wsaConfig mustUnderstand="NONE" version="200508"/></con:call></con:operation><con:operation id="9b38760d-8095-4a9d-bd0e-ba532be58142" isOneWay="false" action="" name="sendOpportunityLocation" bindingOperationName="sendOpportunityLocation" type="Notification" outputName="sendOpportunityLocationResponse" inputName="" receivesAttachments="false" anonymous="optional"><con:settings/><con:call id="1739397b-204d-49e8-983b-4739ed96d112" name="Request 1"><con:settings/><con:encoding>UTF-8</con:encoding><con:endpoint>http://sajv2-ifs-mock-server:35577/gateway/ifssvc</con:endpoint><con:request><![CDATA[<soapenv:Envelope xmlns:soapenv="http://schemas.xmlsoap.org/soap/envelope/" xmlns:cweb="http://cwebservicesajutil.webservices.ifsworld.com/">\r
   <soapenv:Header/>\r
   <soapenv:Body>\r
      <cweb:sendOpportunityLocationResponse>\r
         <!--Optional:-->\r
         <return>?</return>\r
      </cweb:sendOpportunityLocationResponse>\r
   </soapenv:Body>\r
</soapenv:Envelope>]]></con:request><con:wsaConfig mustUnderstand="NONE" version="200508"/></con:call></con:operation><con:operation id="c00612ef-19c8-4f82-a153-d1ead44626e5" isOneWay="false" action="" name="sendPersonSearch" bindingOperationName="sendPersonSearch" type="Notification" outputName="sendPersonSearchResponse" inputName="" receivesAttachments="false" anonymous="optional"><con:settings/><con:call id="29ea0c27-cf73-4205-b865-7ddd4e3715be" name="Request 1"><con:settings/><con:encoding>UTF-8</con:encoding><con:endpoint>http://sajv2-ifs-mock-server:35577/gateway/ifssvc</con:endpoint><con:request><![CDATA[<soapenv:Envelope xmlns:soapenv="http://schemas.xmlsoap.org/soap/envelope/" xmlns:cweb="http://cwebservicesajutil.webservices.ifsworld.com/">\r
   <soapenv:Header/>\r
   <soapenv:Body>\r
      <cweb:sendPersonSearchResponse>\r
         <!--Optional:-->\r
         <return>?</return>\r
      </cweb:sendPersonSearchResponse>\r
   </soapenv:Body>\r
</soapenv:Envelope>]]></con:request><con:wsaConfig mustUnderstand="NONE" version="200508"/></con:call></con:operation><con:operation id="e00d31dd-8aa9-4511-bf7b-fa7fd2af5271" isOneWay="false" action="" name="sendProjectSearch" bindingOperationName="sendProjectSearch" type="Notification" outputName="sendProjectSearchResponse" inputName="" receivesAttachments="false" anonymous="optional"><con:settings/><con:call id="9ce1d2da-4a24-47e5-a8eb-4b1105a7a235" name="Request 1"><con:settings><con:setting id="com.eviware.soapui.impl.wsdl.WsdlRequest@request-headers">&lt;xml-fragment/></con:setting></con:settings><con:encoding>UTF-8</con:encoding><con:endpoint>http://sajv2-ifs-mock-server:35577/gateway/ifssvc</con:endpoint><con:request><![CDATA[<soapenv:Envelope xmlns:soapenv="http://schemas.xmlsoap.org/soap/envelope/" xmlns:cweb="http://cwebservicesajutil.webservices.ifsworld.com/">\r
   <soapenv:Header/>\r
   <soapenv:Body>\r
      <cweb:sendProjectSearchResponse>\r
         <!--Optional:-->\r
         <return>?</return>\r
      </cweb:sendProjectSearchResponse>\r
   </soapenv:Body>\r
</soapenv:Envelope>]]></con:request><con:credentials><con:authType>No Authorization</con:authType></con:credentials><con:jmsConfig JMSDeliveryMode="PERSISTENT"/><con:jmsPropertyConfig/><con:wsaConfig mustUnderstand="NONE" version="200508"/><con:wsrmConfig version="1.2"/></con:call></con:operation><con:operation id="6a720294-de88-44f9-a845-c80fd1ea76c7" isOneWay="false" action="" name="sendPropDestination" bindingOperationName="sendPropDestination" type="Notification" outputName="sendPropDestinationResponse" inputName="" receivesAttachments="false" anonymous="optional"><con:settings/><con:call id="ec3bc621-3a10-4c69-b7c8-bf64988d96fe" name="Request 1"><con:settings/><con:encoding>UTF-8</con:encoding><con:endpoint>http://sajv2-ifs-mock-server:35577/gateway/ifssvc</con:endpoint><con:request><![CDATA[<soapenv:Envelope xmlns:soapenv="http://schemas.xmlsoap.org/soap/envelope/" xmlns:cweb="http://cwebservicesajutil.webservices.ifsworld.com/">\r
   <soapenv:Header/>\r
   <soapenv:Body>\r
      <cweb:sendPropDestinationResponse>\r
         <!--Optional:-->\r
         <return>?</return>\r
      </cweb:sendPropDestinationResponse>\r
   </soapenv:Body>\r
</soapenv:Envelope>]]></con:request><con:wsaConfig mustUnderstand="NONE" version="200508"/></con:call></con:operation><con:operation id="f15bb226-c551-4e5f-be5c-6dc660759fd0" isOneWay="false" action="" name="sendResponsable" bindingOperationName="sendResponsable" type="Notification" outputName="sendResponsableResponse" inputName="" receivesAttachments="false" anonymous="optional"><con:settings/><con:call id="6417e3d7-63f3-44e3-bf80-98c9e3f2c495" name="Request 1"><con:settings/><con:encoding>UTF-8</con:encoding><con:endpoint>http://sajv2-ifs-mock-server:35577/gateway/ifssvc</con:endpoint><con:request><![CDATA[<soapenv:Envelope xmlns:soapenv="http://schemas.xmlsoap.org/soap/envelope/" xmlns:cweb="http://cwebservicesajutil.webservices.ifsworld.com/">\r
   <soapenv:Header/>\r
   <soapenv:Body>\r
      <cweb:sendResponsableResponse>\r
         <!--Optional:-->\r
         <return>?</return>\r
      </cweb:sendResponsableResponse>\r
   </soapenv:Body>\r
</soapenv:Envelope>]]></con:request><con:wsaConfig mustUnderstand="NONE" version="200508"/></con:call></con:operation><con:operation id="1b4736bd-a66f-4cc2-9518-32ee921d727d" isOneWay="false" action="" name="sendSupplierSearch" bindingOperationName="sendSupplierSearch" type="Notification" outputName="sendSupplierSearchResponse" inputName="" receivesAttachments="false" anonymous="optional"><con:settings/><con:call id="be757d16-231b-485d-a677-6404fae4140f" name="Request 1"><con:settings/><con:encoding>UTF-8</con:encoding><con:endpoint>http://sajv2-ifs-mock-server:35577/gateway/ifssvc</con:endpoint><con:request><![CDATA[<soapenv:Envelope xmlns:soapenv="http://schemas.xmlsoap.org/soap/envelope/" xmlns:cweb="http://cwebservicesajutil.webservices.ifsworld.com/">\r
   <soapenv:Header/>\r
   <soapenv:Body>\r
      <cweb:sendSupplierSearchResponse>\r
         <!--Optional:-->\r
         <return>?</return>\r
      </cweb:sendSupplierSearchResponse>\r
   </soapenv:Body>\r
</soapenv:Envelope>]]></con:request><con:wsaConfig mustUnderstand="NONE" version="200508"/></con:call></con:operation><con:operation id="04d4f70f-f9db-48d2-beb2-47b1c7405861" isOneWay="false" action="" name="sendTypeAnnouncement" bindingOperationName="sendTypeAnnouncement" type="Notification" outputName="sendTypeAnnouncementResponse" inputName="" receivesAttachments="false" anonymous="optional"><con:settings/><con:call id="c644b27f-fe2d-4619-9510-64e64c200c04" name="Request 1"><con:settings/><con:encoding>UTF-8</con:encoding><con:endpoint>http://sajv2-ifs-mock-server:35577/gateway/ifssvc</con:endpoint><con:request><![CDATA[<soapenv:Envelope xmlns:soapenv="http://schemas.xmlsoap.org/soap/envelope/" xmlns:cweb="http://cwebservicesajutil.webservices.ifsworld.com/">\r
   <soapenv:Header/>\r
   <soapenv:Body>\r
      <cweb:sendTypeAnnouncementResponse>\r
         <!--Optional:-->\r
         <return>?</return>\r
      </cweb:sendTypeAnnouncementResponse>\r
   </soapenv:Body>\r
</soapenv:Envelope>]]></con:request><con:wsaConfig mustUnderstand="NONE" version="200508"/></con:call></con:operation></con:interface><con:properties/><con:wssContainer/><con:oAuth2ProfileContainer/><con:oAuth1ProfileContainer/></con:soapui-project>