{
	"info": {
		"_postman_id": "dc46f66d-ab51-4323-b038-481eb4012701",
		"name": "AACamunda",
		"schema": "https://schema.getpostman.com/json/collection/v2.1.0/collection.json",
		"_exporter_id": "9711247"
	},
	"item": [
		{
			"name": "Post Message",
			"request": {
				"method": "POST",
				"header": [],
				"body": {
					"mode": "raw",
					"raw": "{\"messageName\" : \"msg_tarea\",\r\n\"businessKey\" : \"220013253\"\r\n\r\n}",
					"options": {
						"raw": {
							"language": "json"
						}
					}
				},
				"url": {
					"raw": "{{host}}/engine-rest/message",
					"host": [
						"{{host}}"
					],
					"path": [
						"engine-rest",
						"message"
					]
				}
			},
			"response": []
		},
		{
			"name": "Post Message Copy",
			"request": {
				"method": "POST",
				"header": [],
				"body": {
					"mode": "raw",
					"raw": "{\r\n\t\"messageName\": \"cr_msg_recibir_fechas_planeacion\",\r\n\t\"businessKey\": null,\r\n\t\"processVariables\": {\r\n\t\t\"fechaInicioRemodelacion\": {\r\n\t\t\t\"value\": \"2021-10-15T12:00:00.000+0000\",\r\n\t\t\t\"type\": \"String\",\r\n\t\t\t\"valueInfo\": null\r\n\t\t},\r\n\t\t\"fechaFinRemodelacion\": {\r\n\t\t\t\"value\": \"2022-12-03T12:00:00.000+0000\",\r\n\t\t\t\"type\": \"String\",\r\n\t\t\t\"valueInfo\": null\r\n\t\t}\r\n\t},\r\n\t\"correlationKeys\": {\r\n\t\t\"folioAsunto\": {\r\n\t\t\t\"value\": \"2110812\",\r\n\t\t\t\"type\": \"String\",\r\n\t\t\t\"valueInfo\": null\r\n\t\t}\r\n\t}\r\n}",
					"options": {
						"raw": {
							"language": "json"
						}
					}
				},
				"url": {
					"raw": "http://localhost:8080/engine-rest/message",
					"protocol": "http",
					"host": [
						"localhost"
					],
					"port": "8080",
					"path": [
						"engine-rest",
						"message"
					]
				}
			},
			"response": []
		},
		{
			"name": "Post Message Copy 2",
			"request": {
				"method": "POST",
				"header": [],
				"body": {
					"mode": "raw",
					"raw": "{\r\n\t\"messageName\": \"cr_msg_licencia_validada\",\r\n\t\"businessKey\": null,\r\n\t\"processVariables\": {\r\n\t\t\"esAprobado\": {\r\n\t\t\t\"value\": true,\r\n\t\t\t\"type\": \"Boolean\",\r\n\t\t\t\"valueInfo\": null\r\n\t\t},\r\n\t\t\"esAlineamientoYNoOficial\": {\r\n\t\t\t\"value\": false,\r\n\t\t\t\"type\": \"Boolean\",\r\n\t\t\t\"valueInfo\": null\r\n\t\t},\r\n\t\t\"idAsuntoLicenciaPermiso\": {\r\n\t\t\t\"value\": 1,\r\n\t\t\t\"type\": \"Long\",\r\n\t\t\t\"valueInfo\": null\r\n\t\t}\r\n\t},\r\n\t\"correlationKeys\": {\r\n\t\t\"folioAsunto\": {\r\n\t\t\t\"value\": \"211078\",\r\n\t\t\t\"type\": \"String\",\r\n\t\t\t\"valueInfo\": null\r\n\t\t}\r\n\t}\r\n}",
					"options": {
						"raw": {
							"language": "json"
						}
					}
				},
				"url": {
					"raw": "http://localhost:8080/engine-rest/message",
					"protocol": "http",
					"host": [
						"localhost"
					],
					"port": "8080",
					"path": [
						"engine-rest",
						"message"
					]
				}
			},
			"response": []
		},
		{
			"name": "Post Message Aprobación Documento",
			"request": {
				"method": "POST",
				"header": [],
				"body": {
					"mode": "raw",
					"raw": "{\r\n\t\"messageName\": \"global_msg_aprobacion_documento\",\r\n\t\"businessKey\": \"220092398\",\r\n\t\"processVariables\": {\r\n\t\t\"VOBO_DOCUMENTO\": {\r\n\t\t\t\"value\": true,\r\n\t\t\t\"type\": \"Boolean\",\r\n\t\t\t\"valueInfo\": null\r\n\t\t}\r\n    }\r\n}",
					"options": {
						"raw": {
							"language": "json"
						}
					}
				},
				"url": {
					"raw": "{{host}}/engine-rest/message",
					"host": [
						"{{host}}"
					],
					"path": [
						"engine-rest",
						"message"
					]
				}
			},
			"response": []
		},
		{
			"name": "Get Variables From Process",
			"request": {
				"method": "GET",
				"header": [],
				"url": {
					"raw": "http://localhost:8080/engine-rest/variable-instance?processInstanceIdIn=3f4a5a4b-3df2-11ec-b984-6a545aa1e1bd",
					"protocol": "http",
					"host": [
						"localhost"
					],
					"port": "8080",
					"path": [
						"engine-rest",
						"variable-instance"
					],
					"query": [
						{
							"key": "processInstanceIdIn",
							"value": "3f4a5a4b-3df2-11ec-b984-6a545aa1e1bd"
						}
					]
				}
			},
			"response": []
		},
		{
			"name": "Find User Tasks",
			"request": {
				"method": "GET",
				"header": [],
				"url": {
					"raw": "{{host}}/engine-rest/task?processInstanceBusinessKey=220012345",
					"host": [
						"{{host}}"
					],
					"path": [
						"engine-rest",
						"task"
					],
					"query": [
						{
							"key": "processInstanceBusinessKey",
							"value": "220012345"
						}
					]
				}
			},
			"response": []
		},
		{
			"name": "findAsuntoById",
			"request": {
				"method": "GET",
				"header": [],
				"url": {
					"raw": "{{host}}/api/aas/asunto/2",
					"host": [
						"{{host}}"
					],
					"path": [
						"api",
						"aas",
						"asunto",
						"2"
					]
				}
			},
			"response": []
		},
		{
			"name": "Validar Password",
			"request": {
				"method": "POST",
				"header": [],
				"body": {
					"mode": "raw",
					"raw": "{\r\n    \"password\":\"apc&9o6h#Ul7\"\r\n}",
					"options": {
						"raw": {
							"language": "json"
						}
					}
				},
				"url": {
					"raw": "http://localhost:8080/bmv-web/api/password",
					"protocol": "http",
					"host": [
						"localhost"
					],
					"port": "8080",
					"path": [
						"bmv-web",
						"api",
						"password"
					]
				}
			},
			"response": []
		},
		{
			"name": "Generar Password",
			"request": {
				"method": "GET",
				"header": [],
				"url": {
					"raw": "http://localhost:8080/bmv-web/api/password?longitud=12",
					"protocol": "http",
					"host": [
						"localhost"
					],
					"port": "8080",
					"path": [
						"bmv-web",
						"api",
						"password"
					],
					"query": [
						{
							"key": "longitud",
							"value": "12"
						}
					]
				}
			},
			"response": []
		},
		{
			"name": "Complete External Task",
			"request": {
				"method": "POST",
				"header": [],
				"body": {
					"mode": "raw",
					"raw": "{\r\n    \"workerId\":\"worker_adquisicion_renta_notificacion_adquisicion_inmbueble\"\r\n}",
					"options": {
						"raw": {
							"language": "json"
						}
					}
				},
				"url": {
					"raw": "https://juridicouateq1.coppel.io:20541/engine-rest/external-task/e274b71a-ab91-11ec-ab0a-02dd10c0437c/complete",
					"protocol": "https",
					"host": [
						"juridicouateq1",
						"coppel",
						"io"
					],
					"port": "20541",
					"path": [
						"engine-rest",
						"external-task",
						"e274b71a-ab91-11ec-ab0a-02dd10c0437c",
						"complete"
					]
				}
			},
			"response": []
		},
		{
			"name": "Complete External Task Copy",
			"request": {
				"method": "POST",
				"header": [],
				"body": {
					"mode": "raw",
					"raw": "{\r\n    \"workerId\":\"saj_worker\"\r\n    \r\n}",
					"options": {
						"raw": {
							"language": "json"
						}
					}
				},
				"url": {
					"raw": "{{host}}/engine-rest/external-task/c0e7322d-edc5-11ec-8473-16d49e219e70/complete",
					"host": [
						"{{host}}"
					],
					"path": [
						"engine-rest",
						"external-task",
						"c0e7322d-edc5-11ec-8473-16d49e219e70",
						"complete"
					]
				}
			},
			"response": []
		},
		{
			"name": "Complete User Tasks",
			"request": {
				"method": "POST",
				"header": [],
				"body": {
					"mode": "raw",
					"raw": "{}",
					"options": {
						"raw": {
							"language": "json"
						}
					}
				},
				"url": {
					"raw": "{{host}}/engine-rest/task/cd20a35b-eb4d-11ec-955d-6a545aa1e1bd/complete",
					"host": [
						"{{host}}"
					],
					"path": [
						"engine-rest",
						"task",
						"cd20a35b-eb4d-11ec-955d-6a545aa1e1bd",
						"complete"
					]
				}
			},
			"response": []
		},
		{
			"name": "Get Failed Listeners",
			"request": {
				"method": "GET",
				"header": [],
				"url": {
					"raw": "{{host}}/api/wf/error",
					"host": [
						"{{host}}"
					],
					"path": [
						"api",
						"wf",
						"error"
					]
				}
			},
			"response": []
		},
		{
			"name": "Restart Listener",
			"request": {
				"method": "PUT",
				"header": [],
				"body": {
					"mode": "raw",
					"raw": "{\r\n  \"actividad\": \"preydictamen_serv_notificar_cambios_documentacion_ifs\",\r\n  \"folio\": \"220013209\"\r\n}",
					"options": {
						"raw": {
							"language": "json"
						}
					}
				},
				"url": {
					"raw": "{{host}}/api/wf/error/start",
					"host": [
						"{{host}}"
					],
					"path": [
						"api",
						"wf",
						"error",
						"start"
					]
				}
			},
			"response": []
		}
	]
}