{
	"info": {
		"_postman_id": "91d4673c-b650-40d1-a41a-c3fa86ab7cad",
		"name": "Arrendadores",
		"schema": "https://schema.getpostman.com/json/collection/v2.1.0/collection.json"
	},
	"item": [
		{
			"name": "Crea Asunto Adquisición",
			"request": {
				"method": "POST",
				"header": [],
				"body": {
					"mode": "raw",
					"raw": " {\r\n        \"idProceso\": 1 \r\n        ,\"idTipoPersona\": 2\r\n        ,\"idRegion\": 300302\r\n        ,\"responsableCaso\": 90327179\r\n        ,\"correoResponsableCaso\":\"mayli.murrieta@ust.com\"\r\n        ,\"responsableSeguimiento\": 90327179\r\n        ,\"correoResponsableSeguimiento\": \"mayli.murrieta@ust.com\"\r\n        ,\"idEmpresa\": 2\r\n        ,\"idCentro\": 230773\r\n        ,\"idCiudad\": 40\r\n        ,\"idMedioCreacion\" : 1\r\n        ,\"idTipoNegociacion\": 4\r\n        ,\"adquisicionInmueble\": {  \r\n            \"contraprestacion\": false\r\n            ,\"numeroGFI\":123\r\n            ,\"correoGFI\":\"\"\r\n            ,\"numGIR\":5214\r\n            ,\"correoGIR\":\"\"\r\n            ,\"importeContraprestacion\": 0\r\n            ,\"propietario\": \"Luis y José Vaca Noriega\"\r\n            ,\"proyectoIntegrador\": false\r\n            ,\"repLegComprador\": \"Sakly\"\r\n            ,\"repLegPropietario\": \"Alberto Hernández\"            \r\n            ,\"idDestino\":0\r\n            ,\"inmueble\":{\r\n                \"nombre\": \"LERDO 1 (Abasolo)\"\r\n                ,\"idTipoDomicilio\" : 13\r\n                ,\"colonia\":\"Centro\"\r\n                ,\"codigoPostal\":\"36970\"\r\n                ,\"domicilio\":\"\"\r\n                ,\"numExterior\":\"118\"\r\n                ,\"entreCalle\":\"\"\r\n                ,\"yCalle\":\"\"\r\n                ,\"esquinaCon\":\"\"\r\n                ,\"idTipoVialidad\":1\r\n                ,\"vialidad\":\"Lerdo Oriente\"\r\n                ,\"idCiudad\": 40\r\n            }\r\n        }\r\n    }",
					"options": {
						"raw": {
							"language": "json"
						}
					}
				},
				"url": {
					"raw": "http://10.40.133.152:8081/api/aas/asunto",
					"protocol": "http",
					"host": [
						"10",
						"40",
						"133",
						"152"
					],
					"port": "8081",
					"path": [
						"api",
						"aas",
						"asunto"
					]
				}
			},
			"response": []
		},
		{
			"name": "ValidaAsunto",
			"request": {
				"method": "PUT",
				"header": [],
				"body": {
					"mode": "raw",
					"raw": " {\r\n        \"idProceso\": 1 \r\n        ,\"idTipoPersona\": 2\r\n        ,\"idTipoNegociacion\": 4\r\n        ,\"idRegion\": 300302\r\n        ,\"responsableCaso\": 97571156\r\n        ,\"correoResponsableCaso\":\"mayli.murrieta@ust.com\"\r\n        ,\"responsableSeguimiento\": 97571156\r\n        ,\"correoResponsableSeguimiento\": \"mayli.murrieta@ust.com\"\r\n        ,\"idEmpresa\": 3\r\n        ,\"idCentro\": 130773\r\n        ,\"idCiudad\": 1\r\n        ,\"idMedioCreacion\" : 1\r\n        ,\"adquisicionInmueble\": {  \r\n            \"contraprestacion\": false\r\n            ,\"numeroGFI\":123\r\n            ,\"correoGFI\":\"\"\r\n            ,\"numGIR\":5214\r\n            ,\"correoGIR\":\"\"\r\n            ,\"importeContraprestacion\": 0\r\n            ,\"propietario\": \"Luis y José Vaca Noriega\"\r\n            ,\"proyectoIntegrador\": false\r\n            ,\"repLegComprador\": \"Sakly\"\r\n            ,\"repLegPropietario\": \"Alberto Hernández\"            \r\n            ,\"idDestino\":0\r\n            ,\"inmueble\":{\r\n                \"nombre\": \"LERDO 1 (Abasolo)\"\r\n                 ,\"idTipoDomicilio\" : 13\r\n                ,\"colonia\":\"Centro\"\r\n                ,\"codigoPostal\":\"36970\"\r\n                ,\"domicilio\":\"\"\r\n                ,\"numExterior\":\"118\"\r\n                ,\"entreCalle\":\"\"\r\n                ,\"yCalle\":\"\"\r\n                ,\"esquinaCon\":\"\"\r\n                ,\"idTipoVialidad\":1\r\n                ,\"vialidad\":\"Lerdo Oriente Mod...\"\r\n                ,\"idCiudad\": 40\r\n            }\r\n        }\r\n    }",
					"options": {
						"raw": {
							"language": "json"
						}
					}
				},
				"url": {
					"raw": "http://10.40.133.152:8081/api/aas/asunto/21001165",
					"protocol": "http",
					"host": [
						"10",
						"40",
						"133",
						"152"
					],
					"port": "8081",
					"path": [
						"api",
						"aas",
						"asunto",
						"21001165"
					]
				}
			},
			"response": []
		},
		{
			"name": "Envía Dictamen",
			"request": {
				"method": "POST",
				"header": [],
				"body": {
					"mode": "raw",
					"raw": "{\r\n    \"folioAsunto\":\"220012517\"\r\n    ,\"idEmpleadoRegistro\": 123\r\n    ,\"idTipoDictamen\": 2\r\n    ,\"documentos\":[\r\n            {\r\n                \"clave\": \"ANT_PROP\"\r\n                ,\"nombre\": \"Plan Manzanero.txt\"\r\n                ,\"documentoBase64\": \"Q29udGVuaWRvIGRlbCBhcmNoaXZvLg==\"\r\n                , \"estado\":true\r\n            }\r\n            ,{\r\n                \"clave\": \"CERT_LIB_GRAV\"\r\n                ,\"nombre\": \"Identificación oficial propietario.txt\"\r\n                ,\"documentoBase64\": \"Q29udGVuaWRvIGRlbCBhcmNoaXZvLg==\"\r\n                , \"estado\":true\r\n            },{\r\n                \"clave\": \"PRED_CONS\"\r\n                ,\"nombre\": \"Acta de Matrimonio.txt\"\r\n                ,\"documentoBase64\": \"Q29udGVuaWRvIGRlbCBhcmNoaXZvLg==\"\r\n                , \"estado\":true\r\n            } \r\n            ,{\r\n                \"clave\": \"ALIN\"\r\n                ,\"nombre\": \"Carta de intención.txt\"\r\n                ,\"documentoBase64\": \"Q29udGVuaWRvIGRlbCBhcmNoaXZvLg==\"\r\n                , \"estado\":true\r\n            }\r\n            ,{\r\n                \"clave\": \"NUM_OF\"\r\n                ,\"nombre\": \"Carta de intención1.txt\"\r\n                ,\"documentoBase64\": \"Q29udGVuaWRvIGRlbCBhcmNoaXZvLg==\"\r\n                , \"estado\":true\r\n            }\r\n            ,{\r\n                \"clave\": \"FACT_U_SU\"\r\n                ,\"nombre\": \"Carta de intención2.txt\"\r\n                ,\"documentoBase64\": \"Q29udGVuaWRvIGRlbCBhcmNoaXZvLg==\"\r\n                , \"estado\":true\r\n            }\r\n            ,{\r\n                \"clave\": \"LEV_TOP\"\r\n                ,\"nombre\": \"Carta de intención3.txt\"\r\n                ,\"documentoBase64\": \"Q29udGVuaWRvIGRlbCBhcmNoaXZvLg==\"\r\n                , \"estado\":true\r\n            }\r\n            ,{\r\n                \"clave\": \"PLAN_MANZ\"\r\n                ,\"nombre\": \"Carta de intención4.txt\"\r\n                ,\"documentoBase64\": \"Q29udGVuaWRvIGRlbCBhcmNoaXZvLg==\"\r\n                , \"estado\":true\r\n            }\r\n            ,{\r\n                \"clave\": \"REV_FIS_INM\"\r\n                ,\"nombre\": \"Carta de intención5.txt\"\r\n                ,\"documentoBase64\": \"Q29udGVuaWRvIGRlbCBhcmNoaXZvLg==\"\r\n                , \"estado\":true\r\n            }\r\n            ,{\r\n                \"clave\": \"IDEN_OF_PROP\"\r\n                ,\"nombre\": \"Carta de intención6.txt\"\r\n                ,\"documentoBase64\": \"Q29udGVuaWRvIGRlbCBhcmNoaXZvLg==\"\r\n                , \"estado\":true\r\n            }\r\n            ,{\r\n                \"clave\": \"REV_FIS_INM \"\r\n                ,\"nombre\": \"Carta de intención7.txt\"\r\n                ,\"documentoBase64\": \"Q29udGVuaWRvIGRlbCBhcmNoaXZvLg==\"\r\n                , \"estado\":true\r\n            }\r\n            ,{\r\n                \"clave\": \"PRE_ARREN\"\r\n                ,\"nombre\": \"Carta de intención9.txt\"\r\n                ,\"documentoBase64\": \"Q29udGVuaWRvIGRlbCBhcmNoaXZvLg==\"\r\n                , \"estado\":true\r\n            }\r\n            ,{\r\n                \"clave\": \"PROY_CON_ARREN\"\r\n                ,\"nombre\": \"Carta de intención10.txt\"\r\n                ,\"documentoBase64\": \"Q29udGVuaWRvIGRlbCBhcmNoaXZvLg==\"\r\n                , \"estado\":true\r\n            }\r\n            ,{\r\n                \"clave\": \"FOR_APR_COM_RENT\"\r\n                ,\"nombre\": \"Carta de intención11.txt\"\r\n                ,\"documentoBase64\": \"Q29udGVuaWRvIGRlbCBhcmNoaXZvLg==\"\r\n                , \"estado\":true\r\n            }\r\n            ,{\r\n                \"clave\": \"PRED_CONS\"\r\n                ,\"nombre\": \"Carta de intención12.txt\"\r\n                ,\"documentoBase64\": \"Q29udGVuaWRvIGRlbCBhcmNoaXZvLg==\"\r\n                , \"estado\":true\r\n            }\r\n            ,{\r\n                \"clave\": \"ACU_CO_ARRE_FIN\"\r\n                ,\"nombre\": \"Carta de intención13.txt\"\r\n                ,\"documentoBase64\": \"Q29udGVuaWRvIGRlbCBhcmNoaXZvLg==\"\r\n                , \"estado\":true\r\n            }\r\n            ,{\r\n                \"clave\": \"CON_AD_SERV_AGUA\"\r\n                ,\"nombre\": \"Carta de intención14.txt\"\r\n                ,\"documentoBase64\": \"Q29udGVuaWRvIGRlbCBhcmNoaXZvLg==\"\r\n                , \"estado\":true\r\n            }\r\n            ,{\r\n                \"clave\": \"CON_AD_SERV_LUZ\"\r\n                ,\"nombre\": \"Carta de intención15.txt\"\r\n                ,\"documentoBase64\": \"Q29udGVuaWRvIGRlbCBhcmNoaXZvLg==\"\r\n                , \"estado\":true\r\n            }\r\n            ,{\r\n                \"clave\": \"IDE_TEST\"\r\n                ,\"nombre\": \"Carta de intención16.txt\"\r\n                ,\"documentoBase64\": \"Q29udGVuaWRvIGRlbCBhcmNoaXZvLg==\"\r\n                , \"estado\":true\r\n            }\r\n            ,{\r\n                \"clave\": \"RFC_ISC_FISC\"\r\n                ,\"nombre\": \"Carta de intención17.txt\"\r\n                ,\"documentoBase64\": \"Q29udGVuaWRvIGRlbCBhcmNoaXZvLg==\"\r\n                , \"estado\":true\r\n            }\r\n            ,{\r\n                \"clave\": \"COM_OMI_NOTI\"\r\n                ,\"nombre\": \"Carta de intención18.txt\"\r\n                ,\"documentoBase64\": \"Q29udGVuaWRvIGRlbCBhcmNoaXZvLg==\"\r\n                , \"estado\":true\r\n            }\r\n            ,{\r\n                \"clave\": \"FOR_SEG_VER\"\r\n                ,\"nombre\": \"Carta de intención19.txt\"\r\n                ,\"documentoBase64\": \"Q29udGVuaWRvIGRlbCBhcmNoaXZvLg==\"\r\n                , \"estado\":true\r\n            }\r\n            ,{\r\n                \"clave\": \"VOBO_MIA_YU_MO\"\r\n                ,\"nombre\": \"Carta de intención20.txt\"\r\n                ,\"documentoBase64\": \"Q29udGVuaWRvIGRlbCBhcmNoaXZvLg==\"\r\n                , \"estado\":true\r\n            }\r\n            ,{\r\n                \"clave\": \"2DA_ICA_INMU\"\r\n                ,\"nombre\": \"Carta de intención21.txt\"\r\n                ,\"documentoBase64\": \"Q29udGVuaWRvIGRlbCBhcmNoaXZvLg==\"\r\n                , \"estado\":true\r\n            }\r\n            ,{\r\n                \"clave\": \"GEN_NDE_LEGA\"\r\n                ,\"nombre\": \"Carta de intención22.txt\"\r\n                ,\"documentoBase64\": \"Q29udGVuaWRvIGRlbCBhcmNoaXZvLg==\"\r\n                , \"estado\":true\r\n            }\r\n            ,{\r\n                \"clave\": \"ACE_ISR\"\r\n                ,\"nombre\": \"Carta de intención23.txt\"\r\n                ,\"documentoBase64\": \"Q29udGVuaWRvIGRlbCBhcmNoaXZvLg==\"\r\n                , \"estado\":true\r\n            }\r\n            ,{\r\n                \"clave\": \"OFI_DM_INAH\"\r\n                ,\"nombre\": \"Carta de intención24.txt\"\r\n                ,\"documentoBase64\": \"Q29udGVuaWRvIGRlbCBhcmNoaXZvLg==\"\r\n                , \"estado\":true\r\n            }\r\n            \r\n\r\n            ,{\r\n                \"clave\": \"AUT_ERN_SUBD\"\r\n                ,\"nombre\": \"Carta de intención24.txt\"\r\n                ,\"documentoBase64\": \"Q29udGVuaWRvIGRlbCBhcmNoaXZvLg==\"\r\n                , \"estado\":true\r\n            }\r\n            ,{\r\n                \"clave\": \"ANT_ROP_INMU\"\r\n                ,\"nombre\": \"Carta de intención24.txt\"\r\n                ,\"documentoBase64\": \"Q29udGVuaWRvIGRlbCBhcmNoaXZvLg==\"\r\n                , \"estado\":true\r\n            }\r\n            ,{\r\n                \"clave\": \"POD_EL_FACU\"\r\n                ,\"nombre\": \"Carta de intención24.txt\"\r\n                ,\"documentoBase64\": \"Q29udGVuaWRvIGRlbCBhcmNoaXZvLg==\"\r\n                , \"estado\":true\r\n            }\r\n            ,{\r\n                \"clave\": \"IDE_FIC_APOD\"\r\n                ,\"nombre\": \"Carta de intención24.txt\"\r\n                ,\"documentoBase64\": \"Q29udGVuaWRvIGRlbCBhcmNoaXZvLg==\"\r\n                , \"estado\":true\r\n            }\r\n            ,{\r\n                \"clave\": \"RFC_RIO_LEGA\"\r\n                ,\"nombre\": \"Carta de intención24.txt\"\r\n                ,\"documentoBase64\": \"Q29udGVuaWRvIGRlbCBhcmNoaXZvLg==\"\r\n                , \"estado\":true\r\n            }\r\n            ,{\r\n                \"clave\": \"AUT_MU_SUBD\"\r\n                ,\"nombre\": \"Carta de intención24.txt\"\r\n                ,\"documentoBase64\": \"Q29udGVuaWRvIGRlbCBhcmNoaXZvLg==\"\r\n                , \"estado\":true\r\n            },{\r\n                \"clave\": \"AVA_DE_SUBD\"\r\n                ,\"nombre\": \"Carta de intención24.txt\"\r\n                ,\"documentoBase64\": \"Q29udGVuaWRvIGRlbCBhcmNoaXZvLg==\"\r\n                , \"estado\":true\r\n            }\r\n          ,{\r\n                \"clave\": \"CER_IBE_INMU\"\r\n                ,\"nombre\": \"Carta de intención24.txt\"\r\n                ,\"documentoBase64\": \"Q29udGVuaWRvIGRlbCBhcmNoaXZvLg==\"\r\n                , \"estado\":true\r\n            }\r\n            ,{\r\n                \"clave\": \"CER_OA_VIGE\"\r\n                ,\"nombre\": \"Carta de intención24.txt\"\r\n                ,\"documentoBase64\": \"Q29udGVuaWRvIGRlbCBhcmNoaXZvLg==\"\r\n                , \"estado\":true\r\n            }            \r\n\r\n             ,{\r\n                \"clave\": \"AUT_REN\"\r\n                ,\"nombre\": \"Carta de intención24.txt\"\r\n                ,\"documentoBase64\": \"Q29udGVuaWRvIGRlbCBhcmNoaXZvLg==\"\r\n                , \"estado\":true\r\n            }\r\n             ,{\r\n                \"clave\": \"ACU_CO_ARRE\"\r\n                ,\"nombre\": \"Carta de intención24.txt\"\r\n                ,\"documentoBase64\": \"Q29udGVuaWRvIGRlbCBhcmNoaXZvLg==\"\r\n                , \"estado\":true\r\n            }\r\n             ,{\r\n                \"clave\": \"IDE_TEST\"\r\n                ,\"nombre\": \"Carta de intención24.txt\"\r\n                ,\"documentoBase64\": \"Q29udGVuaWRvIGRlbCBhcmNoaXZvLg==\"\r\n                , \"estado\":true\r\n            }\r\n             ,{\r\n                \"clave\": \"COM_OMI_NOTI\"\r\n                ,\"nombre\": \"Carta de intención24.txt\"\r\n                ,\"documentoBase64\": \"Q29udGVuaWRvIGRlbCBhcmNoaXZvLg==\"\r\n                , \"estado\":true\r\n            }\r\n\r\n             ,{\r\n                \"clave\": \"PRE_ARREN\"\r\n                ,\"nombre\": \"Carta de intención24.txt\"\r\n                ,\"documentoBase64\": \"Q29udGVuaWRvIGRlbCBhcmNoaXZvLg==\"\r\n                , \"estado\":true\r\n            },\r\n\r\n            {\r\n                \"clave\": \"ACT_CONS\"\r\n                ,\"nombre\": \"Antecedente de propiedad.txt\"\r\n                ,\"documentoBase64\": \"Q29udGVuaWRvIGRlbCBhcmNoaXZvLg==\"\r\n                , \"estado\":true\r\n            }\r\n            ,{\r\n                \"clave\": \"POD_REP_LEG\"\r\n                ,\"nombre\": \"Poder del representante legal.txt\"\r\n                ,\"documentoBase64\": \"Q29udGVuaWRvIGRlbCBhcmNoaXZvLg==\"\r\n                , \"estado\":true\r\n            },\r\n            {\r\n                \"clave\": \"IDE_FIC_LEGA\"\r\n                ,\"nombre\": \"Identificación oficial del representante legal.txt\"\r\n                ,\"documentoBase64\": \"Q29udGVuaWRvIGRlbCBhcmNoaXZvLg==\"\r\n                , \"estado\":true\r\n            }\r\n            ,{\r\n                \"clave\": \"CONT_PROP\"\r\n                ,\"nombre\": \"Contrato Propuesta.txt\"\r\n                ,\"documentoBase64\": \"Q29udGVuaWRvIGRlbCBhcmNoaXZvLg==\"\r\n                , \"estado\":true\r\n            }\r\n            ,{\r\n                \"clave\": \"CARA_BANC\"\r\n                ,\"nombre\": \"Carátula bancaria.txt\"\r\n                ,\"documentoBase64\": \"Q29udGVuaWRvIGRlbCBhcmNoaXZvLg==\"\r\n                , \"estado\":true\r\n            }\r\n\r\n    ]\r\n\r\n}",
					"options": {
						"raw": {
							"language": "json"
						}
					}
				},
				"url": {
					"raw": "http://10.40.133.152:8081/api/adquisicion/dictamen",
					"protocol": "http",
					"host": [
						"10",
						"40",
						"133",
						"152"
					],
					"port": "8081",
					"path": [
						"api",
						"adquisicion",
						"dictamen"
					]
				}
			},
			"response": []
		},
		{
			"name": "Cumplir Tarea de Tarea",
			"request": {
				"method": "PUT",
				"header": [],
				"body": {
					"mode": "formdata",
					"formdata": [
						{
							"key": "comentario",
							"value": "Cumplimiento Tarea",
							"type": "text"
						},
						{
							"key": "documento",
							"type": "file",
							"src": "/C:/Users/184518/Desktop/archivos para pruebas/DOCUMENTO DE CIERRE.pdf"
						},
						{
							"key": "variables[0].id",
							"value": "218",
							"type": "text",
							"disabled": true
						},
						{
							"key": "variables[0].valor",
							"value": "123",
							"type": "text",
							"disabled": true
						},
						{
							"key": "variables[1].id",
							"value": "203",
							"type": "text",
							"disabled": true
						},
						{
							"key": "variables[1].valor",
							"value": "true",
							"type": "text",
							"disabled": true
						}
					]
				},
				"url": {
					"raw": "http://10.40.133.152:8081/api/tareas/97124/cumplimiento",
					"protocol": "http",
					"host": [
						"10",
						"40",
						"133",
						"152"
					],
					"port": "8081",
					"path": [
						"api",
						"tareas",
						"97124",
						"cumplimiento"
					]
				}
			},
			"response": []
		},
		{
			"name": "Aceptar Tarea de Tarea",
			"request": {
				"method": "PUT",
				"header": [],
				"body": {
					"mode": "formdata",
					"formdata": [
						{
							"key": "comentarios",
							"value": "Se acepta propuesta de arrendamiento firmada",
							"type": "text"
						}
					]
				},
				"url": {
					"raw": "http://10.40.133.152:8081/api/tareas/97124/aceptada",
					"protocol": "http",
					"host": [
						"10",
						"40",
						"133",
						"152"
					],
					"port": "8081",
					"path": [
						"api",
						"tareas",
						"97124",
						"aceptada"
					]
				}
			},
			"response": []
		},
		{
			"name": "Rechazar Tarea de Tarea",
			"request": {
				"method": "PUT",
				"header": [],
				"body": {
					"mode": "formdata",
					"formdata": [
						{
							"key": "comentarios",
							"value": "El documento esta mal redactado",
							"type": "text"
						}
					]
				},
				"url": {
					"raw": "http://10.40.133.152:8081/api/tareas/758/rechazada",
					"protocol": "http",
					"host": [
						"10",
						"40",
						"133",
						"152"
					],
					"port": "8081",
					"path": [
						"api",
						"tareas",
						"758",
						"rechazada"
					]
				}
			},
			"response": []
		},
		{
			"name": "agregarNotasPredictamen",
			"request": {
				"method": "POST",
				"header": [],
				"body": {
					"mode": "raw",
					"raw": "{\r\n    \"documentosFaltantes\": \"1\"\r\n    ,\"documentosRecibidos\": \"2\"\r\n    ,\"idViabilidad\": 1\r\n    ,\"idCatalogacionInmueble\": 3\r\n    ,\"conclusiones\": \"Prueba Arrendadores\"\r\n\r\n}",
					"options": {
						"raw": {
							"language": "json"
						}
					}
				},
				"url": {
					"raw": "http://10.40.133.152:8081/api/adquisicion/asunto/210013/dictamen",
					"protocol": "http",
					"host": [
						"10",
						"40",
						"133",
						"152"
					],
					"port": "8081",
					"path": [
						"api",
						"adquisicion",
						"asunto",
						"210013",
						"dictamen"
					]
				}
			},
			"response": []
		}
	]
}