{
	"info": {
		"_postman_id": "831ffb2a-7926-4f09-ae2c-f240fb333614",
		"name": "CamundaTareas",
		"schema": "https://schema.getpostman.com/json/collection/v2.1.0/collection.json"
	},
	"item": [
		{
			"name": "Complete External Task Unlock CR",
			"request": {
				"method": "POST",
				"header": [],
				"body": {
					"mode": "raw",
					"raw": "{\r\n    \"workerId\":\"saj_worker\"\r\n}",
					"options": {
						"raw": {
							"language": "json"
						}
					}
				},
				"url": {
					"raw": "https://juridicocr.coppel.io:20541/saj/sajv2/engine-rest/external-task/a654853a-a88f-11ed-9e72-f2292db47497/unlock",
					"protocol": "https",
					"host": [
						"juridicocr",
						"coppel",
						"io"
					],
					"port": "20541",
					"path": [
						"saj",
						"sajv2",
						"engine-rest",
						"external-task",
						"a654853a-a88f-11ed-9e72-f2292db47497",
						"unlock"
					]
				}
			},
			"response": []
		}
	]
}