{
	"info": {
		"_postman_id": "5b9889d2-18d4-48f3-ad4f-12fd7cf561f3",
		"name": "Carga Plantillas",
		"schema": "https://schema.getpostman.com/json/collection/v2.1.0/collection.json"
	},
	"item": [
		{
			"name": "CargaPlantilla",
			"request": {
				"method": "POST",
				"header": [],
				"body": {
					"mode": "formdata",
					"formdata": [
						{
							"key": "idPlantilla",
							"value": "32",
							"type": "text",
							"disabled": true
						},
						{
							"key": "documentoFormato",
							"type": "file",
							"src": "/C:/Users/158323/Downloads/150352_Plantilla_142552_Plantilla_Estados_Procesos_Asunto.vm"
						}
					]
				},
				"url": {
					"raw": "{{protocol}}://{{ip}}:{{puerto}}/sajv2/api/parametrizacion-plantilla/cargar-plantilla?idPlantilla=32",
					"protocol": "{{protocol}}",
					"host": [
						"{{ip}}"
					],
					"port": "{{puerto}}",
					"path": [
						"sajv2",
						"api",
						"parametrizacion-plantilla",
						"cargar-plantilla"
					],
					"query": [
						{
							"key": "idPlantilla",
							"value": "32"
						}
					]
				}
			},
			"response": []
		},
		{
			"name": "CargaPlantilla",
			"request": {
				"method": "POST",
				"header": [],
				"body": {
					"mode": "formdata",
					"formdata": [
						{
							"key": "idPlantilla",
							"value": "63",
							"type": "text",
							"disabled": true
						},
						{
							"key": "documentoFormato",
							"type": "file",
							"src": "/C:/Users/158323/Documents/Coppel/plantillas reportes/Plantilla_Reporte_Contratos_Trabajo.txt"
						}
					]
				},
				"url": {
					"raw": "https://juridicodev.coppel.io:20541/saj/sajv2/api/parametrizacion-plantilla/cargar-plantilla?idPlantilla=66",
					"protocol": "https",
					"host": [
						"juridicodev",
						"coppel",
						"io"
					],
					"port": "20541",
					"path": [
						"saj",
						"sajv2",
						"api",
						"parametrizacion-plantilla",
						"cargar-plantilla"
					],
					"query": [
						{
							"key": "idPlantilla",
							"value": "66"
						}
					]
				}
			},
			"response": []
		}
	]
}