{
	"info": {
		"_postman_id": "80be0306-9896-41f0-922e-7ee9b2a4b951",
		"name": "Compras",
		"schema": "https://schema.getpostman.com/json/collection/v2.1.0/collection.json"
	},
	"item": [
		{
			"name": "Crea Asunto Adquisición",
			"request": {
				"method": "POST",
				"header": [],
				"body": {
					"mode": "raw",
					"raw": " {\r\n        \"idProceso\": 1 \r\n        ,\"idTipoNegociacion\": 2\r\n        ,\"idRegion\": 300702\r\n        ,\"idTipoPersona\": 2\r\n        ,\"responsableCaso\": 97806013\r\n        ,\"correoResponsableCaso\":\"mayli.murrieta@ust.com\"\r\n        ,\"responsableSeguimiento\": 97806013\r\n        ,\"correoResponsableSeguimiento\": \"mayli.murrieta@ust.com\"\r\n        ,\"idEmpresa\": 2\r\n        ,\"idCentro\": 230773\r\n        ,\"idCiudad\": 40\r\n        ,\"idMedioCreacion\" : 1\r\n        ,\"adquisicionInmueble\": {  \r\n            \"contraprestacion\": false\r\n            ,\"numeroGFI\":123\r\n            ,\"correoGFI\":\"\"\r\n            ,\"numGIR\":97806013\r\n            ,\"correoGIR\":\"\"\r\n            ,\"importeContraprestacion\": 0\r\n            ,\"propietario\": \"Luis y José Vaca Noriega\"\r\n            ,\"proyectoIntegrador\": false\r\n            ,\"repLegComprador\": \"Sakly\"\r\n            ,\"repLegPropietario\": \"Alberto Hernández\"\r\n            ,\"idDestino\":0\r\n            ,\"inmueble\":{\r\n                \"nombre\": \"LERDO 1 (Abasolo)\"\r\n                ,\"idTipoDomicilio\" : 13\r\n                ,\"colonia\":\"Centro\"\r\n                ,\"codigoPostal\":\"36970\"\r\n                ,\"domicilio\":\"\"\r\n                ,\"numExterior\":\"118\"\r\n                ,\"entreCalle\":\"\"\r\n                ,\"yCalle\":\"\"\r\n                ,\"esquinaCon\":\"\"\r\n                ,\"idTipoVialidad\":1\r\n                ,\"vialidad\":\"Lerdo Oriente\"\r\n                ,\"idCiudad\": 40\r\n            }\r\n        }\r\n    }",
					"options": {
						"raw": {
							"language": "json"
						}
					}
				},
				"url": {
					"raw": "http://juridicoqaeq1.coppel.io:20542/api/aas/asunto",
					"protocol": "http",
					"host": [
						"juridicoqaeq1",
						"coppel",
						"io"
					],
					"port": "20542",
					"path": [
						"api",
						"aas",
						"asunto"
					]
				}
			},
			"response": []
		},
		{
			"name": "ValidaAsunto",
			"request": {
				"method": "PUT",
				"header": [],
				"body": {
					"mode": "raw",
					"raw": " {\r\n        \"idProceso\": 1 \r\n        ,\"idTipoNegociacion\": 2\r\n        ,\"idRegion\": 300702\r\n        ,\"idTipoPersona\": 2\r\n        ,\"responsableCaso\": 97806013\r\n        ,\"correoResponsableCaso\":\"marioalberto.granados@ust.com\"\r\n        ,\"responsableSeguimiento\": 97806013\r\n        ,\"correoResponsableSeguimiento\": \"marioalberto.granados@ust.com\"\r\n        ,\"idEmpresa\": 2\r\n        ,\"idCentro\": 230773\r\n        ,\"idCiudad\": 40\r\n        ,\"idMedioCreacion\" : 1\r\n        ,\"adquisicionInmueble\": {  \r\n            \"contraprestacion\": false\r\n            ,\"numeroGFI\":123\r\n            ,\"correoGFI\":\"\"\r\n            ,\"numGIR\":97806013\r\n            ,\"correoGIR\":\"\"\r\n            ,\"importeContraprestacion\": 0\r\n            ,\"propietario\": \"Luis y José Vaca Noriega\"\r\n            ,\"proyectoIntegrador\": false\r\n            ,\"repLegComprador\": \"Sakly\"\r\n            ,\"repLegPropietario\": \"Alberto Hernández\"\r\n            ,\"idDestino\":0\r\n            ,\"inmueble\":{\r\n                \"nombre\": \"LERDO 1 (Abasolo)\"\r\n                ,\"idTipoDomicilio\" : 13\r\n                ,\"colonia\":\"Centro\"\r\n                ,\"codigoPostal\":\"36970\"\r\n                ,\"domicilio\":\"Prueba\"\r\n                ,\"numExterior\":\"118\"\r\n                ,\"entreCalle\":\"Prueba\"\r\n                ,\"yCalle\":\"Prueba\"\r\n                ,\"esquinaCon\":\"Prueba\"\r\n                ,\"idTipoVialidad\":1\r\n                ,\"vialidad\":\"Lerdo Oriente\"\r\n                ,\"idCiudad\": 40\r\n            }\r\n        }\r\n    }",
					"options": {
						"raw": {
							"language": "json"
						}
					}
				},
				"url": {
					"raw": "http://juridicoqaeq1.coppel.io:20542/api/aas/asunto/220012777",
					"protocol": "http",
					"host": [
						"juridicoqaeq1",
						"coppel",
						"io"
					],
					"port": "20542",
					"path": [
						"api",
						"aas",
						"asunto",
						"220012777"
					]
				}
			},
			"response": []
		},
		{
			"name": "Envía Dictamen",
			"request": {
				"method": "POST",
				"header": [],
				"body": {
					"mode": "raw",
					"raw": "{\r\n    \"folioAsunto\":\"220013021\"\r\n    ,\"idEmpleadoRegistro\": 123\r\n    ,\"idTipoDictamen\": 2\r\n    ,\"documentos\":[\r\n {\r\n                \"clave\": \"ACT_CONS\"\r\n                ,\"nombre\": \"Acta Constitutiva.txt\"\r\n                ,\"documentoBase64\": \"Q29udGVuaWRvIGRlbCBhcmNoaXZvLg==\"\r\n                , \"estado\":true\r\n            },\r\n             {\r\n                \"clave\": \"POD_REP_LEG\"\r\n                ,\"nombre\": \"Poder del representante legal.txt\"\r\n                ,\"documentoBase64\": \"Q29udGVuaWRvIGRlbCBhcmNoaXZvLg==\"\r\n                , \"estado\":true\r\n            },\r\n             {\r\n                \"clave\": \"LEV_TOP\"\r\n                ,\"nombre\": \"Levantamiento topográfico.txt\"\r\n                ,\"documentoBase64\": \"Q29udGVuaWRvIGRlbCBhcmNoaXZvLg==\"\r\n                , \"estado\":true\r\n            },\r\n             {\r\n                \"clave\": \"PLAN_MANZ\"\r\n                ,\"nombre\": \"Plano manzanero.txt\"\r\n                ,\"documentoBase64\": \"Q29udGVuaWRvIGRlbCBhcmNoaXZvLg==\"\r\n                , \"estado\":true\r\n            },\r\n             {\r\n                \"clave\": \"IDE_OFIC_LEGA\"\r\n                ,\"nombre\": \"Identificación oficial representante legal.txt\"\r\n                ,\"documentoBase64\": \"Q29udGVuaWRvIGRlbCBhcmNoaXZvLg==\"\r\n                , \"estado\":true\r\n            },\r\n             {\r\n                \"clave\": \"CAR_INTENCION\"\r\n                ,\"nombre\": \"Carta de Intención.txt\"\r\n                ,\"documentoBase64\": \"Q29udGVuaWRvIGRlbCBhcmNoaXZvLg==\"\r\n                , \"estado\":true\r\n            },\r\n             {\r\n                \"clave\": \"AUT_COM\"\r\n                ,\"nombre\": \"Autorización de compra.txt\"\r\n                ,\"documentoBase64\": \"Q29udGVuaWRvIGRlbCBhcmNoaXZvLg==\"\r\n                , \"estado\":true\r\n            },\r\n             {\r\n                \"clave\": \"AVAL_COME\"\r\n                ,\"nombre\": \"Avalúo comercial.txt\"\r\n                ,\"documentoBase64\": \"Q29udGVuaWRvIGRlbCBhcmNoaXZvLg==\"\r\n                , \"estado\":true\r\n            },\r\n             {\r\n                \"clave\": \"AVAL_CATA\"\r\n                ,\"nombre\": \"Avalúo catastral.txt\"\r\n                ,\"documentoBase64\": \"Q29udGVuaWRvIGRlbCBhcmNoaXZvLg==\"\r\n                , \"estado\":true\r\n            },\r\n             {\r\n                \"clave\": \"CARA_BANC\"\r\n                ,\"nombre\": \"Carátula bancaria.txt\"\r\n                ,\"documentoBase64\": \"Q29udGVuaWRvIGRlbCBhcmNoaXZvLg==\"\r\n                , \"estado\":true\r\n            },\r\n             {\r\n                \"clave\": \"CON_AD_SERV_AGUA\"\r\n                ,\"nombre\": \"Constancia de no adeudo de agua factibilidad del servicio.txt\"\r\n                ,\"documentoBase64\": \"Q29udGVuaWRvIGRlbCBhcmNoaXZvLg==\"\r\n                , \"estado\":true\r\n            },\r\n             {\r\n                \"clave\": \"CON_AD_SERV_LUZ\"\r\n                ,\"nombre\": \"Constancia de no adeudo de luz factibilidad del servicio.txt\"\r\n                ,\"documentoBase64\": \"Q29udGVuaWRvIGRlbCBhcmNoaXZvLg==\"\r\n                , \"estado\":true\r\n            },\r\n             {\r\n                \"clave\": \"RFC_ISC_FISC\"\r\n                ,\"nombre\": \"RFC y Cédula fiscal.txt\"\r\n                ,\"documentoBase64\": \"Q29udGVuaWRvIGRlbCBhcmNoaXZvLg==\"\r\n                , \"estado\":true\r\n            },\r\n             {\r\n                \"clave\": \"COM_OMI_VEND\"\r\n                ,\"nombre\": \"Comprobante de domicilio del vendedor.txt\"\r\n                ,\"documentoBase64\": \"Q29udGVuaWRvIGRlbCBhcmNoaXZvLg==\"\r\n                , \"estado\":true\r\n            },\r\n             {\r\n                \"clave\": \"RES_GEST\"\r\n                ,\"nombre\": \"Restricciones de gestoría.txt\"\r\n                ,\"documentoBase64\": \"Q29udGVuaWRvIGRlbCBhcmNoaXZvLg==\"\r\n                , \"estado\":true\r\n            },\r\n             {\r\n                \"clave\": \"CURP_VEND\"\r\n                ,\"nombre\": \"CURP vendedor.txt\"\r\n                ,\"documentoBase64\": \"Q29udGVuaWRvIGRlbCBhcmNoaXZvLg==\"\r\n                , \"estado\":true\r\n            },\r\n             {\r\n                \"clave\": \"ACT_NACI\"\r\n                ,\"nombre\": \"Acta de nacimiento.txt\"\r\n                ,\"documentoBase64\": \"Q29udGVuaWRvIGRlbCBhcmNoaXZvLg==\"\r\n                , \"estado\":true\r\n            },\r\n             {\r\n                \"clave\": \"2DA_ICA_INMU\"\r\n                ,\"nombre\": \"2da revisión física del inmueble.txt\"\r\n                ,\"documentoBase64\": \"Q29udGVuaWRvIGRlbCBhcmNoaXZvLg==\"\r\n                , \"estado\":true\r\n            },\r\n             {\r\n                \"clave\": \"GEN_NDE_LEGA\"\r\n                ,\"nombre\": \"Generales del vendedor y representante legal.txt\"\r\n                ,\"documentoBase64\": \"Q29udGVuaWRvIGRlbCBhcmNoaXZvLg==\"\r\n                , \"estado\":true\r\n            },\r\n             {\r\n                \"clave\": \"ACE_ISR\"\r\n                ,\"nombre\": \"Aceptación de ISR.txt\"\r\n                ,\"documentoBase64\": \"Q29udGVuaWRvIGRlbCBhcmNoaXZvLg==\"\r\n                , \"estado\":true\r\n            },\r\n             {\r\n                \"clave\": \"OFI_DM_INAH\"\r\n                ,\"nombre\": \"Oficio de calidad monumental INAH.txt\"\r\n                ,\"documentoBase64\": \"Q29udGVuaWRvIGRlbCBhcmNoaXZvLg==\"\r\n                , \"estado\":true\r\n            }\r\n             ]\r\n\r\n}",
					"options": {
						"raw": {
							"language": "json"
						}
					}
				},
				"url": {
					"raw": "http://juridicoqaeq1.coppel.io:20542/api/adquisicion/dictamen",
					"protocol": "http",
					"host": [
						"juridicoqaeq1",
						"coppel",
						"io"
					],
					"port": "20542",
					"path": [
						"api",
						"adquisicion",
						"dictamen"
					]
				}
			},
			"response": []
		},
		{
			"name": "Asigna Notario",
			"request": {
				"method": "POST",
				"header": [],
				"body": {
					"mode": "formdata",
					"formdata": [
						{
							"key": "idAbogado",
							"value": "1",
							"type": "text"
						},
						{
							"key": "numeroPagos",
							"value": "10",
							"type": "text"
						},
						{
							"key": "montoTotal",
							"value": "1000",
							"type": "text"
						},
						{
							"key": "hecho",
							"type": "file",
							"src": []
						}
					],
					"options": {
						"raw": {
							"language": "json"
						}
					}
				},
				"url": {
					"raw": "http://10.40.133.152:8081/api/adquisicion/asunto/210012075/abogado",
					"protocol": "http",
					"host": [
						"10",
						"40",
						"133",
						"152"
					],
					"port": "8081",
					"path": [
						"api",
						"adquisicion",
						"asunto",
						"210012075",
						"abogado"
					]
				}
			},
			"response": []
		},
		{
			"name": "Cumplir Tarea",
			"request": {
				"method": "PUT",
				"header": [],
				"body": {
					"mode": "formdata",
					"formdata": [
						{
							"key": "comentario",
							"value": "Se anexa Promesa de Arrendador Firmada",
							"type": "text"
						},
						{
							"key": "documento",
							"type": "file",
							"src": "/C:/Users/165382/Desktop/ManualJIRA.docx"
						},
						{
							"key": "variables[0].id",
							"value": "274",
							"type": "text",
							"disabled": true
						},
						{
							"key": "variables[0].valor",
							"value": "false",
							"type": "text",
							"disabled": true
						},
						{
							"key": "variables[1].id",
							"value": "275",
							"type": "text",
							"disabled": true
						},
						{
							"key": "variables[1].valor",
							"value": "true",
							"type": "text",
							"disabled": true
						}
					]
				},
				"url": {
					"raw": "http://dsajclstr.coppel.io/sajv2/api/tareas/613/cumplimiento",
					"protocol": "http",
					"host": [
						"dsajclstr",
						"coppel",
						"io"
					],
					"path": [
						"sajv2",
						"api",
						"tareas",
						"613",
						"cumplimiento"
					]
				}
			},
			"response": []
		},
		{
			"name": "Aceptar Tarea",
			"request": {
				"method": "PUT",
				"header": [],
				"body": {
					"mode": "formdata",
					"formdata": [
						{
							"key": "comentarios",
							"value": "Se acepta propuesta de arrendamiento firmada",
							"type": "text"
						},
						{
							"key": "esPosibleAtender",
							"value": "false",
							"type": "text"
						}
					]
				},
				"url": {
					"raw": "http://dsajclstr.coppel.io/sajv2/api/tareas/613/aceptada",
					"protocol": "http",
					"host": [
						"dsajclstr",
						"coppel",
						"io"
					],
					"path": [
						"sajv2",
						"api",
						"tareas",
						"613",
						"aceptada"
					]
				}
			},
			"response": []
		},
		{
			"name": "Rechazar Tarea",
			"request": {
				"method": "PUT",
				"header": [],
				"body": {
					"mode": "formdata",
					"formdata": [
						{
							"key": "comentarios",
							"value": "El documento esta mal redactado",
							"type": "text"
						}
					]
				},
				"url": {
					"raw": "http://10.40.133.152:8081/api/tareas/999/rechazada",
					"protocol": "http",
					"host": [
						"10",
						"40",
						"133",
						"152"
					],
					"port": "8081",
					"path": [
						"api",
						"tareas",
						"999",
						"rechazada"
					]
				}
			},
			"response": []
		},
		{
			"name": "agregarNotasPre-Dictamen",
			"request": {
				"method": "POST",
				"header": [],
				"body": {
					"mode": "raw",
					"raw": "{\r\n    \"documentosFaltantes\": \"1\"\r\n    ,\"documentosRecibidos\": \"2\"\r\n    ,\"idViabilidad\": 1\r\n    ,\"idCatalogacionInmueble\": 3\r\n    ,\"conclusiones\": \"Prueba Compra\"\r\n }\r\n",
					"options": {
						"raw": {
							"language": "json"
						}
					}
				},
				"url": {
					"raw": "http://10.40.133.152:8081/api/adquisicion/asunto/21001208534/dictamen",
					"protocol": "http",
					"host": [
						"10",
						"40",
						"133",
						"152"
					],
					"port": "8081",
					"path": [
						"api",
						"adquisicion",
						"asunto",
						"21001208534",
						"dictamen"
					]
				}
			},
			"response": []
		},
		{
			"name": "Datos Escritura",
			"request": {
				"method": "POST",
				"header": [],
				"body": {
					"mode": "raw",
					"raw": "",
					"options": {
						"raw": {
							"language": "json"
						}
					}
				},
				"url": {
					"raw": "http://dsajclstr.coppel.io/sajv2/api/compras/210011546/datos-escritura",
					"protocol": "http",
					"host": [
						"dsajclstr",
						"coppel",
						"io"
					],
					"path": [
						"sajv2",
						"api",
						"compras",
						"210011546",
						"datos-escritura"
					]
				}
			},
			"response": []
		},
		{
			"name": "AsignarInvlucradoArea",
			"request": {
				"method": "PUT",
				"header": [],
				"url": {
					"raw": "https://juridicodeveq2.coppel.io:20541/api/tareas/101130/asignarinvolucrado/97642797",
					"protocol": "https",
					"host": [
						"juridicodeveq2",
						"coppel",
						"io"
					],
					"port": "20541",
					"path": [
						"api",
						"tareas",
						"101130",
						"asignarinvolucrado",
						"97642797"
					]
				}
			},
			"response": []
		}
	],
	"event": [
		{
			"listen": "prerequest",
			"script": {
				"type": "text/javascript",
				"exec": [
					""
				]
			}
		},
		{
			"listen": "test",
			"script": {
				"type": "text/javascript",
				"exec": [
					""
				]
			}
		}
	]
}