{
	"info": {
		"_postman_id": "5caef1e7-4ea1-4471-98da-c1443badbd35",
		"name": "IFSBuscarPersona",
		"schema": "https://schema.getpostman.com/json/collection/v2.1.0/collection.json"
	},
	"item": [
		{
			"name": "sendProjectSearch",
			"protocolProfileBehavior": {
				"disabledSystemHeaders": {}
			},
			"request": {
				"method": "POST",
				"header": [],
				"body": {
					"mode": "raw",
					"raw": "{\r\n    \"programId\": \"999\"\r\n}",
					"options": {
						"raw": {
							"language": "json"
						}
					}
				},
				"url": {
					"raw": "https://juridicocr.coppel.io:20541/saj/SAJV2-MS-SYS-IFSCLIENT-V0/sendProjectSearch",
					"protocol": "https",
					"host": [
						"juridicocr",
						"coppel",
						"io"
					],
					"port": "20541",
					"path": [
						"saj",
						"SAJV2-MS-SYS-IFSCLIENT-V0",
						"sendProjectSearch"
					],
					"query": [
						{
							"key": "personId",
							"value": "96373938",
							"disabled": true
						}
					]
				}
			},
			"response": []
		},
		{
			"name": "sendPersonSearch",
			"protocolProfileBehavior": {
				"disabledSystemHeaders": {}
			},
			"request": {
				"method": "POST",
				"header": [],
				"body": {
					"mode": "raw",
					"raw": "{\r\n    \"personId\": \"98773445\"\r\n}",
					"options": {
						"raw": {
							"language": "json"
						}
					}
				},
				"url": {
					"raw": "https://juridicocr.coppel.io:20541/saj/SAJV2-MS-SYS-IFSCLIENT-V0/sendPersonSearch",
					"protocol": "https",
					"host": [
						"juridicocr",
						"coppel",
						"io"
					],
					"port": "20541",
					"path": [
						"saj",
						"SAJV2-MS-SYS-IFSCLIENT-V0",
						"sendPersonSearch"
					],
					"query": [
						{
							"key": "personId",
							"value": "96373938",
							"disabled": true
						}
					]
				}
			},
			"response": []
		}
	]
}