{
	"info": {
		"_postman_id": "e4295986-4cf5-4210-8338-c96b2189c1e4",
		"name": "ModificaAsunto",
		"schema": "https://schema.getpostman.com/json/collection/v2.1.0/collection.json"
	},
	"item": [
		{
			"name": "testModificaAsuntoVersionformdata",
			"request": {
				"method": "PUT",
				"header": [],
				"body": {
					"mode": "formdata",
					"formdata": [
						{
							"key": "correoResponsableCaso",
							"value": "miriam.precido@ust.com",
							"type": "text"
						},
						{
							"key": "folio",
							"value": "230141585",
							"type": "text"
						},
						{
							"key": "fechaAlta",
							"value": "2023-04-03T23:48:19.486+00:00",
							"type": "text"
						},
						{
							"key": "fechaConocimiento",
							"value": "2023-04-03T23:48:19.486+00:00",
							"type": "text"
						},
						{
							"key": "idTipoPersona",
							"value": "0",
							"type": "text"
						},
						{
							"key": "responsableCaso",
							"value": "92215726",
							"type": "text"
						},
						{
							"key": "responsableSeguimiento",
							"value": "97416126",
							"type": "text"
						},
						{
							"key": "correoResponsableSeguimiento",
							"value": "carlos.granadosalcantar1@ust.com",
							"type": "text"
						},
						{
							"key": "afectaVenta",
							"value": "false",
							"type": "text"
						},
						{
							"key": "idCentro",
							"value": "230535",
							"type": "text"
						},
						{
							"key": "idRegion",
							"value": "300302",
							"type": "text"
						},
						{
							"key": "idCiudad",
							"value": "4",
							"type": "text"
						},
						{
							"key": "idEmpresa",
							"value": "2",
							"type": "text"
						},
						{
							"key": "idMedioCreacion",
							"value": "3",
							"type": "text"
						},
						{
							"key": "idPrioridad",
							"value": "1",
							"type": "text"
						},
						{
							"key": "idAbogado",
							"value": "0",
							"type": "text"
						},
						{
							"key": "abogadoInterno",
							"value": "0",
							"type": "text"
						},
						{
							"key": "idProceso",
							"value": "14",
							"type": "text"
						},
						{
							"key": "idTipoNegociacion",
							"value": "1",
							"type": "text"
						},
						{
							"key": "idTipoDictamen",
							"value": "0",
							"type": "text"
						},
						{
							"key": "idEstado",
							"value": "1",
							"type": "text"
						},
						{
							"key": "cc.idInmueble",
							"value": "750",
							"type": "text"
						},
						{
							"key": "cc.numTiendaCentro",
							"value": "222229",
							"type": "text"
						},
						{
							"key": "cc.sindicato",
							"value": "sindicato Miriam",
							"type": "text"
						},
						{
							"key": "cc.secretarioGeneralSindicato",
							"value": "Miriam",
							"type": "text"
						},
						{
							"key": "cc.domicilioSindicato",
							"value": "Isra",
							"type": "text"
						},
						{
							"key": "cc.numeroRepresentanteLegal",
							"value": "92215726",
							"type": "text"
						},
						{
							"key": "cc.correoSindicato",
							"value": "miriam.preciado@ust.com",
							"type": "text"
						},
						{
							"key": "cc.idEmpresaDatosEmpresa",
							"value": "2",
							"type": "text"
						},
						{
							"key": "cc.correoResponsable",
							"value": "miriam.preciado@ust.com",
							"type": "text"
						},
						{
							"key": "cc.telefonoResponsable",
							"value": "8119752644",
							"type": "text"
						},
						{
							"key": "cc.idAsuntoPadre",
							"value": "2048",
							"type": "text"
						},
						{
							"key": "cc.idCiudad",
							"value": "4",
							"type": "text"
						}
					]
				},
				"url": {
					"raw": "https://juridicocr.coppel.io:20541/saj/sajv2/api/aas/asunto/2083/modificacion",
					"protocol": "https",
					"host": [
						"juridicocr",
						"coppel",
						"io"
					],
					"port": "20541",
					"path": [
						"saj",
						"sajv2",
						"api",
						"aas",
						"asunto",
						"2083",
						"modificacion"
					]
				}
			},
			"response": []
		}
	]
}