{
	"info": {
		"_postman_id": "a2247509-e202-4845-be4e-db5d38272acb",
		"name": "ms sys ja catalogos multas",
		"schema": "https://schema.getpostman.com/json/collection/v2.1.0/collection.json"
	},
	"item": [
		{
			"name": "tiposAutoridadesMultas",
			"request": {
				"method": "GET",
				"header": [],
				"url": {
					"raw": "https://juridicodev.coppel.io:20541/SAJV2-MS-EXP-JA-MULTA-V0/tiposAutoridad",
					"protocol": "https",
					"host": [
						"juridicodev",
						"coppel",
						"io"
					],
					"port": "20541",
					"path": [
						"SAJV2-MS-EXP-JA-MULTA-V0",
						"tiposAutoridad"
					]
				}
			},
			"response": []
		},
		{
			"name": "entidadesAutoridades",
			"request": {
				"method": "GET",
				"header": [],
				"url": {
					"raw": "https://juridicodev.coppel.io:20541/SAJV2-MS-EXP-JA-MULTA-V0/entidadesAutoridad",
					"protocol": "https",
					"host": [
						"juridicodev",
						"coppel",
						"io"
					],
					"port": "20541",
					"path": [
						"SAJV2-MS-EXP-JA-MULTA-V0",
						"entidadesAutoridad"
					]
				}
			},
			"response": []
		},
		{
			"name": "registrarAutoridadMulta",
			"request": {
				"method": "POST",
				"header": [],
				"body": {
					"mode": "raw",
					"raw": "{\r\n\r\n    \"iduAutoridad\": 0,\r\n\r\n    \"proceso\": {\r\n\r\n        \"id\": 119,\r\n\r\n        \"nombre\":\"Multa PROFECO\",\r\n\r\n        \"area\": {\r\n\r\n            \"id\":5,\r\n\r\n            \"descripcion\":\"Administrativo\",\r\n\r\n            \"materia\":{\r\n\r\n                \"id\":4,\r\n\r\n                \"descripcion\":\"Administrativo\"\r\n\r\n            }\r\n\r\n        }\r\n\r\n    },\r\n\r\n    \"nombre\": \"prueba sys\",\r\n\r\n    \"entidadAutoridad\":{\r\n\r\n        \"iduEntidadAutoridad\": 1,\r\n\r\n        \"nombreEntidad\": \"FEDERAL\"\r\n\r\n    },\r\n\r\n    \"tipoAutoridad\":{\r\n\r\n        \"iduTipoAutoridad\": 2,\r\n\r\n        \"nombreTipo\": \"EJECUTORA\"\r\n\r\n    },\r\n\r\n    \"activo\" : 0,\r\n\r\n    \"numCreo\": 1,\r\n\r\n    \"fecAlta\": \"\",\r\n\r\n    \"numModifico\": 1,\r\n\r\n    \"fecModificacion\": \"\"\r\n\r\n}",
					"options": {
						"raw": {
							"language": "json"
						}
					}
				},
				"url": {
					"raw": "https://juridicodev.coppel.io:20541/SAJV2-MS-EXP-JA-MULTA-V0/autoridad-multas/",
					"protocol": "https",
					"host": [
						"juridicodev",
						"coppel",
						"io"
					],
					"port": "20541",
					"path": [
						"SAJV2-MS-EXP-JA-MULTA-V0",
						"autoridad-multas",
						""
					]
				}
			},
			"response": []
		},
		{
			"name": "consultarAutoridadMultas",
			"request": {
				"method": "GET",
				"header": [],
				"url": {
					"raw": "https://juridicodev.coppel.io:20541/SAJV2-MS-EXP-JA-MULTA-V0/autoridad-multas/",
					"protocol": "https",
					"host": [
						"juridicodev",
						"coppel",
						"io"
					],
					"port": "20541",
					"path": [
						"SAJV2-MS-EXP-JA-MULTA-V0",
						"autoridad-multas",
						""
					]
				}
			},
			"response": []
		},
		{
			"name": "consultarAutoridadMultasActivas",
			"request": {
				"method": "GET",
				"header": [],
				"url": {
					"raw": "https://juridicodev.coppel.io:20541/SAJV2-MS-EXP-JA-MULTA-V0/autoridad-multas/activas",
					"protocol": "https",
					"host": [
						"juridicodev",
						"coppel",
						"io"
					],
					"port": "20541",
					"path": [
						"SAJV2-MS-EXP-JA-MULTA-V0",
						"autoridad-multas",
						"activas"
					]
				}
			},
			"response": []
		},
		{
			"name": "consultarAutoridadMultasPorID",
			"request": {
				"method": "GET",
				"header": [],
				"url": {
					"raw": "https://juridicodev.coppel.io:20541/SAJV2-MS-EXP-JA-MULTA-V0/autoridad-multas/4",
					"protocol": "https",
					"host": [
						"juridicodev",
						"coppel",
						"io"
					],
					"port": "20541",
					"path": [
						"SAJV2-MS-EXP-JA-MULTA-V0",
						"autoridad-multas",
						"4"
					]
				}
			},
			"response": []
		},
		{
			"name": "modificarAutoridadMulta",
			"request": {
				"method": "PUT",
				"header": [],
				"body": {
					"mode": "raw",
					"raw": "{\r\n\r\n    \"iduAutoridad\": 0,\r\n\r\n    \"proceso\": {\r\n\r\n        \"id\": 119,\r\n\r\n        \"nombre\":\"Multa PROFECO\",\r\n\r\n        \"area\": {\r\n\r\n            \"id\":5,\r\n\r\n            \"descripcion\":\"Administrativo\",\r\n\r\n            \"materia\":{\r\n\r\n                \"id\":4,\r\n\r\n                \"descripcion\":\"Administrativo\"\r\n\r\n            }\r\n\r\n        }\r\n\r\n    },\r\n\r\n    \"nombre\": \"prueba sys 1\",\r\n\r\n    \"entidadAutoridad\":{\r\n\r\n        \"iduEntidadAutoridad\": 1,\r\n\r\n        \"nombreEntidad\": \"FEDERAL\"\r\n\r\n    },\r\n\r\n    \"tipoAutoridad\":{\r\n\r\n        \"iduTipoAutoridad\": 2,\r\n\r\n        \"nombreTipo\": \"EJECUTORA\"\r\n\r\n    },\r\n\r\n    \"activo\" : 0,\r\n\r\n    \"numCreo\": 1,\r\n\r\n    \"fecAlta\": \"\",\r\n\r\n    \"numModifico\": 1,\r\n\r\n    \"fecModificacion\": \"\"\r\n\r\n}",
					"options": {
						"raw": {
							"language": "json"
						}
					}
				},
				"url": {
					"raw": "https://juridicodev.coppel.io:20541/SAJV2-MS-EXP-JA-MULTA-V0/autoridad-multas/4",
					"protocol": "https",
					"host": [
						"juridicodev",
						"coppel",
						"io"
					],
					"port": "20541",
					"path": [
						"SAJV2-MS-EXP-JA-MULTA-V0",
						"autoridad-multas",
						"4"
					]
				}
			},
			"response": []
		}
	]
}