{
	"info": {
		"_postman_id": "9b27607e-c338-48ea-8864-4778c5757ce6",
		"name": "ms sys ja catalogos multas",
		"schema": "https://schema.getpostman.com/json/collection/v2.1.0/collection.json"
	},
	"item": [
		{
			"name": "tiposAutoridadesMultas",
			"request": {
				"method": "GET",
				"header": [],
				"url": {
					"raw": "http://localEnviroment:56328/tiposAutoridadesMultas",
					"protocol": "http",
					"host": [
						"localEnviroment"
					],
					"port": "56328",
					"path": [
						"tiposAutoridadesMultas"
					]
				}
			},
			"response": []
		},
		{
			"name": "entidadesAutoridades",
			"request": {
				"method": "GET",
				"header": [],
				"url": {
					"raw": "http://localEnviroment:56328/entidadesAutoridad",
					"protocol": "http",
					"host": [
						"localEnviroment"
					],
					"port": "56328",
					"path": [
						"entidadesAutoridad"
					]
				}
			},
			"response": []
		},
		{
			"name": "registrarAutoridadMulta",
			"request": {
				"method": "POST",
				"header": [],
				"body": {
					"mode": "raw",
					"raw": "{\r\n    \"iduAutoridad\": 0,\r\n    \"proceso\": {\r\n        \"id\": 119\r\n    },\r\n    \"nombre\": \"prueba 2\",\r\n    \"entidadAutoridad\":{\r\n        \"iduEntidadAutoridad\": 1,\r\n        \"nombreEntidad\": \"FEDERAL\"\r\n    },\r\n    \"tipoAutoridad\":{\r\n        \"iduTipoAutoridad\": 2,\r\n        \"nombreTipo\": \"EJECUTORA\"\r\n    },\r\n    \"activo\" : 0,\r\n    \"numCreo\": 1,\r\n    \"fecAlta\": null,\r\n    \"numModifico\": 1,\r\n    \"fecModificacion\": null\r\n}",
					"options": {
						"raw": {
							"language": "json"
						}
					}
				},
				"url": {
					"raw": "http://localEnviroment:64315/autoridad-multas/registrar",
					"protocol": "http",
					"host": [
						"localEnviroment"
					],
					"port": "64315",
					"path": [
						"autoridad-multas",
						"registrar"
					]
				}
			},
			"response": []
		},
		{
			"name": "consultarAutoridadMultas",
			"request": {
				"method": "GET",
				"header": [],
				"url": {
					"raw": "http://localEnviroment:49388/autoridad-multas/consultar",
					"protocol": "http",
					"host": [
						"localEnviroment"
					],
					"port": "49388",
					"path": [
						"autoridad-multas",
						"consultar"
					]
				}
			},
			"response": []
		},
		{
			"name": "consultarAutoridadMultasActivas",
			"request": {
				"method": "GET",
				"header": [],
				"url": {
					"raw": "http://localEnviroment:49388/autoridad-multas/activas",
					"protocol": "http",
					"host": [
						"localEnviroment"
					],
					"port": "49388",
					"path": [
						"autoridad-multas",
						"activas"
					]
				}
			},
			"response": []
		},
		{
			"name": "consultarAutoridadMultasPorID",
			"request": {
				"method": "GET",
				"header": [],
				"url": {
					"raw": "http://localEnviroment:49388/autoridad-multas/4",
					"protocol": "http",
					"host": [
						"localEnviroment"
					],
					"port": "49388",
					"path": [
						"autoridad-multas",
						"4"
					]
				}
			},
			"response": []
		},
		{
			"name": "modificarAutoridadMulta",
			"request": {
				"method": "PUT",
				"header": [],
				"body": {
					"mode": "raw",
					"raw": "{\r\n    \"iduAutoridad\": 0,\r\n    \"proceso\": {\r\n        \"id\": 119\r\n    },\r\n    \"nombre\": \"modificado\",\r\n    \"entidadAutoridad\":{\r\n        \"iduEntidadAutoridad\": 1,\r\n        \"nombreEntidad\": \"FEDERAL\"\r\n    },\r\n    \"tipoAutoridad\":{\r\n        \"iduTipoAutoridad\": 2,\r\n        \"nombreTipo\": \"EJECUTORA\"\r\n    },\r\n    \"activo\" : 1,\r\n    \"numCreo\": 1,\r\n    \"fecAlta\": null,\r\n    \"numModifico\": 1,\r\n    \"fecModificacion\": null\r\n}",
					"options": {
						"raw": {
							"language": "json"
						}
					}
				},
				"url": {
					"raw": "http://localEnviroment:49929/autoridad-multas/modificar/4",
					"protocol": "http",
					"host": [
						"localEnviroment"
					],
					"port": "49929",
					"path": [
						"autoridad-multas",
						"modificar",
						"4"
					]
				}
			},
			"response": []
		}
	]
}