{
	"info": {
		"_postman_id": "4b5c7dc7-1910-4865-abfd-3812bfa24ce9",
		"name": "MS-IfsClient",
		"schema": "https://schema.getpostman.com/json/collection/v2.1.0/collection.json"
	},
	"item": [
		{
			"name": "MS - IFS Test",
			"request": {
				"method": "GET",
				"header": [],
				"url": {
					"raw": "{{host-old}}/SAJV2-MS-SYS-IFSCLIENT-V0/operation",
					"host": [
						"{{host-old}}"
					],
					"path": [
						"SAJV2-MS-SYS-IFSCLIENT-V0",
						"operation"
					]
				}
			},
			"response": []
		},
		{
			"name": "MS -IFS sendProjectSearch",
			"request": {
				"auth": {
					"type": "basic",
					"basic": [
						{
							"key": "password",
							"value": "Coppel1_Desarrollotst",
							"type": "string"
						},
						{
							"key": "username",
							"value": "90327179",
							"type": "string"
						}
					]
				},
				"method": "POST",
				"header": [],
				"body": {
					"mode": "raw",
					"raw": "{\r\n    \"programId\": 1\r\n}",
					"options": {
						"raw": {
							"language": "json"
						}
					}
				},
				"url": {
					"raw": "{{host-old}}/SAJV2-MS-SYS-IFSCLIENT-V0/sendProjectSearch",
					"host": [
						"{{host-old}}"
					],
					"path": [
						"SAJV2-MS-SYS-IFSCLIENT-V0",
						"sendProjectSearch"
					]
				}
			},
			"response": []
		},
		{
			"name": "MS -IFS sendProjectSearch Copy",
			"request": {
				"auth": {
					"type": "basic",
					"basic": [
						{
							"key": "password",
							"value": "Coppel1_Desarrollotst",
							"type": "string"
						},
						{
							"key": "username",
							"value": "90327179",
							"type": "string"
						}
					]
				},
				"method": "POST",
				"header": [],
				"body": {
					"mode": "raw",
					"raw": "{\r\n    \"ProgramId\": 1\r\n}",
					"options": {
						"raw": {
							"language": "json"
						}
					}
				},
				"url": {
					"raw": "https://juridicodeveq1.coppel.io:20541/SAJV2-MS-SYS-IFSCLIENT-V0/sendProjectSearch",
					"protocol": "https",
					"host": [
						"juridicodeveq1",
						"coppel",
						"io"
					],
					"port": "20541",
					"path": [
						"SAJV2-MS-SYS-IFSCLIENT-V0",
						"sendProjectSearch"
					]
				}
			},
			"response": []
		},
		{
			"name": "SendAddress",
			"request": {
				"method": "POST",
				"header": [],
				"body": {
					"mode": "raw",
					"raw": "{\r\n    \"inmuebleNumero\": \"1\",\r\n    \"typeRoadsId\": \"1\",\r\n    \"roadName\": \"1\",\r\n    \"outdoorNumber\": \"1\",\r\n    \"interiorNumber\": \"1\",\r\n    \"betweenStreet\": \"1\",\r\n    \"andStreet\": \"1\",\r\n    \"cornerWith\": \"1\",\r\n    \"colony\": \"1\",\r\n    \"postalCode\": 12121,\r\n    \"municipalityId\": \"1\",\r\n    \"cityId\": \"1\",\r\n    \"stateId\": \"1\"\r\n}",
					"options": {
						"raw": {
							"language": "json"
						}
					}
				},
				"url": {
					"raw": "{{ptcl}}://{{ip}}:{{port}}/SAJV2-MS-SYS-IFSCLIENT-V0/sendAddress",
					"protocol": "{{ptcl}}",
					"host": [
						"{{ip}}"
					],
					"port": "{{port}}",
					"path": [
						"SAJV2-MS-SYS-IFSCLIENT-V0",
						"sendAddress"
					]
				}
			},
			"response": []
		},
		{
			"name": "MS-IFS SendAddress",
			"request": {
				"method": "POST",
				"header": [],
				"body": {
					"mode": "raw",
					"raw": "{\r\n    \"inmuebleNumero\": \"1\",\r\n    \"typeRoadsId\": \"1\",\r\n    \"roadName\": \"1\",\r\n    \"outdoorNumber\": \"1\",\r\n    \"interiorNumber\": \"1\",\r\n    \"betweenStreet\": \"1\",\r\n    \"andStreet\": \"1\",\r\n    \"cornerWith\": \"1\",\r\n    \"colony\": \"1\",\r\n    \"postalCode\": 12121,\r\n    \"municipalityId\": \"1\",\r\n    \"cityId\": \"1\",\r\n    \"stateId\": \"1\"\r\n}",
					"options": {
						"raw": {
							"language": "json"
						}
					}
				},
				"url": {
					"raw": "{{host-old}}/SAJV2-MS-SYS-IFSCLIENT-V0/sendAddress",
					"host": [
						"{{host-old}}"
					],
					"path": [
						"SAJV2-MS-SYS-IFSCLIENT-V0",
						"sendAddress"
					]
				}
			},
			"response": []
		},
		{
			"name": "SendApproveOrRejectDocument2",
			"request": {
				"method": "POST",
				"header": [],
				"body": {
					"mode": "raw",
					"raw": "{\r\n    \"sajFolio\": \"1\",\r\n    \"stepNo\": \"1\",\r\n    \"inmuebleNumero\": \"1\",\r\n    \"sucessSaj\": \"1\",\r\n    \"approvalStatus\": \"1\",\r\n    \"note\": \"1\",\r\n    \"personId\": \"1\",\r\n    \"commentLegal\": \"1\"\r\n}",
					"options": {
						"raw": {
							"language": "json"
						}
					}
				},
				"url": {
					"raw": "{{ptcl}}://{{ip}}:{{port}}/SAJV2-MS-SYS-IFSCLIENT-V0/sendApproveOrRejectDocument2",
					"protocol": "{{ptcl}}",
					"host": [
						"{{ip}}"
					],
					"port": "{{port}}",
					"path": [
						"SAJV2-MS-SYS-IFSCLIENT-V0",
						"sendApproveOrRejectDocument2"
					]
				}
			},
			"response": []
		},
		{
			"name": "MS-IFS SendApproveOrRejectDocument2",
			"request": {
				"method": "POST",
				"header": [],
				"body": {
					"mode": "raw",
					"raw": "{\r\n    \"sajFolio\": \"1\",\r\n    \"stepNo\": \"1\",\r\n    \"inmuebleNumero\": \"1\",\r\n    \"sucessSaj\": \"1\",\r\n    \"approvalStatus\": \"1\",\r\n    \"note\": \"1\",\r\n    \"personId\": \"1\",\r\n    \"commentLegal\": \"1\"\r\n}",
					"options": {
						"raw": {
							"language": "json"
						}
					}
				},
				"url": {
					"raw": "{{host-old}}/SAJV2-MS-SYS-IFSCLIENT-V0/sendApproveOrRejectDocument2",
					"host": [
						"{{host-old}}"
					],
					"path": [
						"SAJV2-MS-SYS-IFSCLIENT-V0",
						"sendApproveOrRejectDocument2"
					]
				}
			},
			"response": []
		}
	]
}