{
	"info": {
		"_postman_id": "37bfde97-835c-4d9b-b105-3b492533699f",
		"name": "PeticionesUsuarios",
		"schema": "https://schema.getpostman.com/json/collection/v2.1.0/collection.json"
	},
	"item": [
		{
			"name": "guardarUsuarioExterno",
			"request": {
				"method": "POST",
				"header": [],
				"body": {
					"mode": "raw",
					"raw": "{\r\n  \"usuario\": {\r\n    \"telefono\": \"4741169781\",\r\n    \"expiracionAcceso\": \"2023-03-29T06:00:00.000Z\",\r\n    \"extension\": \"0\",\r\n    \"externo\": true,\r\n    \"id\": 0,\r\n    \"nombre\": \"miriam\",\r\n    \"primerApellido\": \"preciado\",\r\n    \"segundoApellido\": \"vidal\",\r\n    \"idRol\": 4,\r\n    \"correo\": \"miriam.preciado@gmail.com\",\r\n    \"activoSinHuella\": false,\r\n    \"materias\": \"\"\r\n  },\r\n  \"usuarioRolProceso\": [\r\n    {\r\n      \"idFlujo\": 13,\r\n      \"idAcceso\": 25,\r\n      \"idTipoNotificacion\": 36,\r\n      \"ignorar\": false,\r\n      \"proceso\": 1,\r\n      \"usuarioRolEmpresasList\": [\r\n        58,\r\n        13,\r\n        5,\r\n        36,\r\n        12,\r\n        63,\r\n        16,\r\n        60,\r\n        53,\r\n        2,\r\n        6,\r\n        17,\r\n        25,\r\n        27,\r\n        29,\r\n        37,\r\n        33,\r\n        28,\r\n        9,\r\n        41,\r\n        55,\r\n        19,\r\n        26,\r\n        10,\r\n        7,\r\n        3,\r\n        59,\r\n        15,\r\n        24,\r\n        42,\r\n        40,\r\n        22,\r\n        57,\r\n        56,\r\n        31,\r\n        61,\r\n        30,\r\n        62,\r\n        1,\r\n        38,\r\n        4,\r\n        14,\r\n        39,\r\n        35,\r\n        52,\r\n        44,\r\n        45,\r\n        46,\r\n        47,\r\n        48,\r\n        49,\r\n        50,\r\n        51,\r\n        43,\r\n        8,\r\n        20,\r\n        21,\r\n        11,\r\n        23,\r\n        18\r\n      ],\r\n      \"usuarioRolRegionesList\": [\r\n        5,\r\n        23,\r\n        14,\r\n        300302,\r\n        3,\r\n        19,\r\n        2,\r\n        12,\r\n        10,\r\n        6,\r\n        29,\r\n        300702,\r\n        17,\r\n        15,\r\n        7,\r\n        24,\r\n        25,\r\n        8,\r\n        26,\r\n        18,\r\n        27,\r\n        20,\r\n        4,\r\n        21,\r\n        9\r\n      ],\r\n      \"usuarioRolEstadosList\": [],\r\n      \"usuarioRolMunicipiosList\": []\r\n    }\r\n  ]\r\n}",
					"options": {
						"raw": {
							"language": "json"
						}
					}
				},
				"url": {
					"raw": "http://localhost:8081/saj/sajv2/api/usuario/rol/",
					"protocol": "http",
					"host": [
						"localhost"
					],
					"port": "8081",
					"path": [
						"saj",
						"sajv2",
						"api",
						"usuario",
						"rol",
						""
					]
				}
			},
			"response": []
		}
	]
}