{
	"info": {
		"_postman_id": "f036217e-361c-4d11-afd9-dd80ef0d98f5",
		"name": "Renta",
		"schema": "https://schema.getpostman.com/json/collection/v2.1.0/collection.json"
	},
	"item": [
		{
			"name": "Crea Asunto Adquisición",
			"request": {
				"method": "POST",
				"header": [],
				"body": {
					"mode": "raw",
					"raw": " {\r\n        \"idProceso\": 1 \r\n        ,\"idTipoNegociacion\": 3\r\n        ,\"idRegion\": 300302\r\n        ,\"idTipoPersona\": 1\r\n        ,\"responsableCaso\": 97416126\r\n        ,\"correoResponsableCaso\":\"aaron.telles@ust.com\"\r\n        ,\"responsableSeguimiento\": 97416126\r\n        ,\"correoResponsableSeguimiento\": \"aaron.telles@ust.com\"\r\n        ,\"idEmpresa\": 2\r\n        ,\"idCentro\": 230773\r\n        ,\"idCiudad\": 40\r\n        ,\"idMedioCreacion\" : 1\r\n        ,\"adquisicionInmueble\": {  \r\n            \"contraprestacion\": false\r\n            ,\"numGFI\":97450626\r\n            ,\"correoGFI\":\"\"\r\n            ,\"numGIR\":97450626\r\n            ,\"correoGIR\":\"97416126-ust@coppel.com\"\r\n            ,\"importeContraprestacion\": 0\r\n            ,\"propietario\": \"Luis y José Vaca Noriega\"\r\n            ,\"proyectoIntegrador\": false\r\n            ,\"repLegComprador\": \"Sakly\"\r\n            ,\"repLegPropietario\": \"Alberto Hernández\"\r\n            ,\"idDestino\":0\r\n            ,\"inmueble\":{\r\n                \"nombre\": \"LERDO 1 (Abasolo)\"\r\n                ,\"idTipoDomicilio\" : 13\r\n                ,\"colonia\":\"Centro\"\r\n                ,\"codigoPostal\":\"36970\"\r\n                ,\"domicilio\":\"\"\r\n                ,\"numExterior\":\"118\"\r\n                ,\"entreCalle\":\"\"\r\n                ,\"yCalle\":\"\"\r\n                ,\"esquinaCon\":\"\"\r\n                ,\"idTipoVialidad\":1\r\n                ,\"vialidad\":\"Lerdo Oriente\"\r\n                ,\"idCiudad\": 40\r\n            }\r\n        }\r\n    }",
					"options": {
						"raw": {
							"language": "json"
						}
					}
				},
				"url": {
					"raw": "http://10.40.133.152:8081/api/aas/asunto",
					"protocol": "http",
					"host": [
						"10",
						"40",
						"133",
						"152"
					],
					"port": "8081",
					"path": [
						"api",
						"aas",
						"asunto"
					]
				}
			},
			"response": []
		},
		{
			"name": "ValidaAsunto",
			"request": {
				"method": "PUT",
				"header": [],
				"body": {
					"mode": "raw",
					"raw": " {\r\n        \"idProceso\": 1 \r\n        ,\"idTipoNegociacion\": 3\r\n        ,\"idRegion\": 300302\r\n        ,\"idTipoPersona\": 1\r\n        ,\"responsableCaso\": 97416126\r\n        ,\"correoResponsableCaso\":\"aaron.telles@ust.com\"\r\n        ,\"responsableSeguimiento\": 97416126\r\n        ,\"correoResponsableSeguimiento\": \"aaron.telles@ust.com\"\r\n        ,\"idEmpresa\": 2\r\n        ,\"idCentro\": 230773\r\n        ,\"idCiudad\": 40\r\n        ,\"idMedioCreacion\" : 1\r\n        ,\"adquisicionInmueble\": {  \r\n            \"contraprestacion\": false\r\n            ,\"numGFI\":97450626\r\n            ,\"correoGFI\":\"\"\r\n            ,\"numGIR\":97450626\r\n            ,\"correoGIR\":\"97416126-ust@coppel.com\"\r\n            ,\"importeContraprestacion\": 0\r\n            ,\"propietario\": \"Luis y José Vaca Noriega\"\r\n            ,\"proyectoIntegrador\": false\r\n            ,\"repLegComprador\": \"Sakly\"\r\n            ,\"repLegPropietario\": \"Alberto Hernández\"\r\n            ,\"idDestino\":0\r\n            ,\"inmueble\":{\r\n                \"nombre\": \"LERDO 1 (Abasolo)\"\r\n                ,\"idTipoDomicilio\" : 13\r\n                ,\"colonia\":\"Centro\"\r\n                ,\"codigoPostal\":\"36970\"\r\n                ,\"domicilio\":\"\"\r\n                ,\"numExterior\":\"118\"\r\n                ,\"entreCalle\":\"\"\r\n                ,\"yCalle\":\"\"\r\n                ,\"esquinaCon\":\"\"\r\n                ,\"idTipoVialidad\":1\r\n                ,\"vialidad\":\"Lerdo Oriente\"\r\n                ,\"idCiudad\": 40\r\n            }\r\n        }\r\n    }",
					"options": {
						"raw": {
							"language": "json"
						}
					}
				},
				"url": {
					"raw": "http://10.40.133.152:8081/api/aas/asunto/220012636",
					"protocol": "http",
					"host": [
						"10",
						"40",
						"133",
						"152"
					],
					"port": "8081",
					"path": [
						"api",
						"aas",
						"asunto",
						"220012636"
					]
				}
			},
			"response": []
		},
		{
			"name": "Envía Dictamen",
			"request": {
				"method": "POST",
				"header": [],
				"body": {
					"mode": "raw",
					"raw": "{\r\n    \"folioAsunto\":\"220012636\"\r\n    ,\"idEmpleadoRegistro\": 123\r\n    ,\"idTipoDictamen\": 2\r\n    ,\"documentos\":[\r\n           \r\n            {\r\n                \"clave\": \"ANT_PROP\"\r\n                ,\"nombre\": \"Carta de intención1.txt\"\r\n                ,\"documentoBase64\": \"Q29udGVuaWRvIGRlbCBhcmNoaXZvLg==\"\r\n                , \"estado\":true\r\n            }\r\n            ,{\r\n                \"clave\": \"CERT_LIB_GRAV\"\r\n                ,\"nombre\": \"Carta de intención2.txt\"\r\n                ,\"documentoBase64\": \"Q29udGVuaWRvIGRlbCBhcmNoaXZvLg==\"\r\n                , \"estado\":true\r\n            }\r\n            ,{\r\n                \"clave\": \"PRED_CONS\"\r\n                ,\"nombre\": \"Carta de intención3.txt\"\r\n                ,\"documentoBase64\": \"Q29udGVuaWRvIGRlbCBhcmNoaXZvLg==\"\r\n                , \"estado\":true\r\n            }\r\n            ,{\r\n                \"clave\": \"ALIN\"\r\n                ,\"nombre\": \"Carta de intención4.txt\"\r\n                ,\"documentoBase64\": \"Q29udGVuaWRvIGRlbCBhcmNoaXZvLg==\"\r\n                , \"estado\":true\r\n            }\r\n            ,{\r\n                \"clave\": \"NUM_OF\"\r\n                ,\"nombre\": \"Carta de intención5.txt\"\r\n                ,\"documentoBase64\": \"Q29udGVuaWRvIGRlbCBhcmNoaXZvLg==\"\r\n                , \"estado\":true\r\n            }\r\n            ,{\r\n                \"clave\": \"FACT_U_SU\"\r\n                ,\"nombre\": \"Carta de intención6.txt\"\r\n                ,\"documentoBase64\": \"Q29udGVuaWRvIGRlbCBhcmNoaXZvLg==\"\r\n                , \"estado\":true\r\n            }\r\n            ,{\r\n                \"clave\": \"REV_FIS_INM\"\r\n                ,\"nombre\": \"Carta de intención7.txt\"\r\n                ,\"documentoBase64\": \"Q29udGVuaWRvIGRlbCBhcmNoaXZvLg==\"\r\n                , \"estado\":true\r\n            }\r\n            ,{\r\n                \"clave\": \"LEV_TOP\"\r\n                ,\"nombre\": \"Carta de intención3.txt\"\r\n                ,\"documentoBase64\": \"Q29udGVuaWRvIGRlbCBhcmNoaXZvLg==\"\r\n                , \"estado\":true\r\n            }\r\n            ,{\r\n                \"clave\": \"PLAN_MANZ\"\r\n                ,\"nombre\": \"Carta de intención4.txt\"\r\n                ,\"documentoBase64\": \"Q29udGVuaWRvIGRlbCBhcmNoaXZvLg==\"\r\n                , \"estado\":true\r\n            }\r\n            ,{\r\n                \"clave\": \"REV_FIS_INM\"\r\n                ,\"nombre\": \"Carta de intención5.txt\"\r\n                ,\"documentoBase64\": \"Q29udGVuaWRvIGRlbCBhcmNoaXZvLg==\"\r\n                , \"estado\":true\r\n            }\r\n            ,{\r\n                \"clave\": \"IDEN_OF_PROP\"\r\n                ,\"nombre\": \"Carta de intención6.txt\"\r\n                ,\"documentoBase64\": \"Q29udGVuaWRvIGRlbCBhcmNoaXZvLg==\"\r\n                , \"estado\":true\r\n            },\r\n            {\r\n                \"clave\": \"CAR_INTENCION\"\r\n                ,\"nombre\": \"Carta de Intencion.txt\"\r\n                ,\"documentoBase64\": \"Q29udGVuaWRvIGRlbCBhcmNoaXZvLg==\"\r\n                , \"estado\":true\r\n            }\r\n            ,{\r\n                \"clave\": \"PRE_ARREN\"\r\n                ,\"nombre\": \"Carta de intención9.txt\"\r\n                ,\"documentoBase64\": \"Q29udGVuaWRvIGRlbCBhcmNoaXZvLg==\"\r\n                , \"estado\":true\r\n            },\r\n            {\r\n                \"clave\": \"AUT_REN\"\r\n                ,\"nombre\": \"Carta de intención24.txt\"\r\n                ,\"documentoBase64\": \"Q29udGVuaWRvIGRlbCBhcmNoaXZvLg==\"\r\n                , \"estado\":true\r\n            }\r\n             ,{\r\n                \"clave\": \"ACU_CO_ARRE\"\r\n                ,\"nombre\": \"Carta de intención24.txt\"\r\n                ,\"documentoBase64\": \"Q29udGVuaWRvIGRlbCBhcmNoaXZvLg==\"\r\n                , \"estado\":true\r\n            },\r\n            {\r\n                \"clave\": \"CARA_BANC\"\r\n                ,\"nombre\": \"Carátula bancaria.txt\"\r\n                ,\"documentoBase64\": \"Q29udGVuaWRvIGRlbCBhcmNoaXZvLg==\"\r\n                , \"estado\":true\r\n            },\r\n            {\r\n                \"clave\": \"CON_AD_SERV_AGUA\"\r\n                ,\"nombre\": \"Carta de intención14.txt\"\r\n                ,\"documentoBase64\": \"Q29udGVuaWRvIGRlbCBhcmNoaXZvLg==\"\r\n                , \"estado\":true\r\n            }\r\n            ,{\r\n                \"clave\": \"CON_AD_SERV_LUZ\"\r\n                ,\"nombre\": \"Carta de intención15.txt\"\r\n                ,\"documentoBase64\": \"Q29udGVuaWRvIGRlbCBhcmNoaXZvLg==\"\r\n                , \"estado\":true\r\n            }\r\n            ,{\r\n                \"clave\": \"IDE_TEST\"\r\n                ,\"nombre\": \"Carta de intención16.txt\"\r\n                ,\"documentoBase64\": \"Q29udGVuaWRvIGRlbCBhcmNoaXZvLg==\"\r\n                , \"estado\":true\r\n            }\r\n            ,{\r\n                \"clave\": \"RFC_ISC_FISC\"\r\n                ,\"nombre\": \"Carta de intención17.txt\"\r\n                ,\"documentoBase64\": \"Q29udGVuaWRvIGRlbCBhcmNoaXZvLg==\"\r\n                , \"estado\":true\r\n            }\r\n            ,{\r\n                \"clave\": \"ACT_MATRIMONIO\"\r\n                ,\"nombre\": \"Acta de Matrimonio.txt\"\r\n                ,\"documentoBase64\": \"Q29udGVuaWRvIGRlbCBhcmNoaXZvLg==\"\r\n                , \"estado\":true\r\n            }\r\n            ,{\r\n                \"clave\": \"COM_OMI_NOTI\"\r\n                ,\"nombre\": \"Carta de intención18.txt\"\r\n                ,\"documentoBase64\": \"Q29udGVuaWRvIGRlbCBhcmNoaXZvLg==\"\r\n                , \"estado\":true\r\n            }\r\n            ,{\r\n                \"clave\": \"2DA_ICA_INMU\"\r\n                ,\"nombre\": \"Carta de intención21.txt\"\r\n                ,\"documentoBase64\": \"Q29udGVuaWRvIGRlbCBhcmNoaXZvLg==\"\r\n                , \"estado\":true\r\n            }\r\n             ,{\r\n                \"clave\": \"OFI_DM_INAH\"\r\n                ,\"nombre\": \"Carta de intención24.txt\"\r\n                ,\"documentoBase64\": \"Q29udGVuaWRvIGRlbCBhcmNoaXZvLg==\"\r\n                , \"estado\":true\r\n            }\r\n                  \r\n    ]\r\n\r\n}",
					"options": {
						"raw": {
							"language": "json"
						}
					}
				},
				"url": {
					"raw": "http://10.40.133.152:8081/api/adquisicion/dictamen",
					"protocol": "http",
					"host": [
						"10",
						"40",
						"133",
						"152"
					],
					"port": "8081",
					"path": [
						"api",
						"adquisicion",
						"dictamen"
					]
				}
			},
			"response": []
		},
		{
			"name": "Cumplimiento Tarea",
			"request": {
				"method": "PUT",
				"header": [],
				"body": {
					"mode": "formdata",
					"formdata": [
						{
							"key": "comentario",
							"value": "Cumplimiento de Tarea",
							"type": "text"
						},
						{
							"key": "documento",
							"type": "file",
							"src": "/C:/Users/184518/Desktop/archivos para pruebas/DOCUMENTO DE CIERRE.pdf"
						},
						{
							"key": "variables[0].id",
							"value": "167",
							"type": "text",
							"disabled": true
						},
						{
							"key": "variables[0].valor",
							"value": "123",
							"type": "text",
							"disabled": true
						},
						{
							"key": "variables[1].id",
							"value": "166",
							"type": "text",
							"disabled": true
						},
						{
							"key": "variables[1].valor",
							"value": "true",
							"type": "text",
							"disabled": true
						}
					]
				},
				"url": {
					"raw": "http://10.40.133.152:8081/api/tareas/90974/cumplimiento",
					"protocol": "http",
					"host": [
						"10",
						"40",
						"133",
						"152"
					],
					"port": "8081",
					"path": [
						"api",
						"tareas",
						"90974",
						"cumplimiento"
					]
				}
			},
			"response": []
		},
		{
			"name": "Aceptar Tarea",
			"request": {
				"method": "PUT",
				"header": [],
				"body": {
					"mode": "formdata",
					"formdata": [
						{
							"key": "comentarios",
							"value": "Aceptar tarea",
							"type": "text"
						},
						{
							"key": "esPosibleAtender",
							"value": "false",
							"type": "text"
						}
					]
				},
				"url": {
					"raw": "http://dsajclstr.coppel.io/sajv2/api/tareas/90974/aceptada",
					"protocol": "http",
					"host": [
						"dsajclstr",
						"coppel",
						"io"
					],
					"path": [
						"sajv2",
						"api",
						"tareas",
						"90974",
						"aceptada"
					]
				}
			},
			"response": []
		},
		{
			"name": "Rechazar",
			"request": {
				"method": "PUT",
				"header": [],
				"body": {
					"mode": "formdata",
					"formdata": [
						{
							"key": "comentarios",
							"value": "El documento esta mal redactado",
							"type": "text"
						}
					]
				},
				"url": {
					"raw": "http://dsajclstr.coppel.io/sajv2/api/tareas/696/rechazada",
					"protocol": "http",
					"host": [
						"dsajclstr",
						"coppel",
						"io"
					],
					"path": [
						"sajv2",
						"api",
						"tareas",
						"696",
						"rechazada"
					]
				}
			},
			"response": []
		},
		{
			"name": "agregarNotasDictamen",
			"request": {
				"method": "POST",
				"header": [],
				"body": {
					"mode": "raw",
					"raw": "{\r\n    \"documentosFaltantes\": \"1\"\r\n    ,\"documentosRecibidos\": \"2\"\r\n    ,\"idViabilidad\": 1\r\n    ,\"idCatalogacionInmueble\": 3\r\n    ,\"conclusiones\": \"Prueba Renta Demo coppel\"\r\n\r\n}",
					"options": {
						"raw": {
							"language": "json"
						}
					}
				},
				"url": {
					"raw": "http://10.40.133.152:8081/api/adquisicion/asunto/210011941/dictamen",
					"protocol": "http",
					"host": [
						"10",
						"40",
						"133",
						"152"
					],
					"port": "8081",
					"path": [
						"api",
						"adquisicion",
						"asunto",
						"210011941",
						"dictamen"
					]
				}
			},
			"response": []
		}
	]
}