{
	"info": {
		"_postman_id": "c74c569a-7d33-4308-b38b-4094278beef1",
		"name": "Soap",
		"schema": "https://schema.getpostman.com/json/collection/v2.1.0/collection.json"
	},
	"item": [
		{
			"name": "closeFolio",
			"request": {
				"auth": {
					"type": "basic",
					"basic": [
						{
							"key": "password",
							"value": "Coppel1_Desarrollotst",
							"type": "string"
						},
						{
							"key": "username",
							"value": "90327179",
							"type": "string"
						}
					]
				},
				"method": "POST",
				"header": [
					{
						"key": "Content-Type",
						"value": "text/xml",
						"type": "text"
					}
				],
				"body": {
					"mode": "raw",
					"raw": "<soapenv:Envelope xmlns:soapenv=\"http://schemas.xmlsoap.org/soap/envelope/\" xmlns:cweb=\"http://cwebservicesajutil.webservices.ifsworld.com/\">\r\n    <soapenv:Header>\r\n        <cweb:runAsIdentity></cweb:runAsIdentity>\r\n    </soapenv:Header>\r\n    <soapenv:Body>\r\n        <cweb:closeFolio>\r\n            <!--Optional:-->\r\n            <SajFolioNo>221142479</SajFolioNo>\r\n            <!--Optional:-->\r\n            <ClaspType>Negociación concluida con éxito</ClaspType>\r\n            <!--Optional:-->\r\n            <DeadLine>20220412</DeadLine>\r\n            <!--Optional:-->\r\n            <ClosingForm>Automatico</ClosingForm>\r\n        </cweb:closeFolio>\r\n    </soapenv:Body>\r\n</soapenv:Envelope>",
					"options": {
						"raw": {
							"language": "xml"
						}
					}
				},
				"url": {
					"raw": "https://ifstst.coppels1.com:57080/ifssvc/CWebServiceSajUtil",
					"protocol": "https",
					"host": [
						"ifstst",
						"coppels1",
						"com"
					],
					"port": "57080",
					"path": [
						"ifssvc",
						"CWebServiceSajUtil"
					]
				}
			},
			"response": []
		}
	]
}