{"options":[{"enabled":true,"definition":{"id":"5d58cc01-7c75-450c-be18-a388ddb129ec"},"inputs":{"branchFilters":"[\"+refs/heads/*\"]","additionalFields":"{}"}},{"enabled":false,"definition":{"id":"a9db38f9-9fdc-478c-b0f9-464221e58316"},"inputs":{"workItemType":"16","assignToRequestor":"true","additionalFields":"{}"}}],"triggers":[{"branchFilters":["+refs/heads/uat"],"pathFilters":[],"batchChanges":true,"maxConcurrentBuildsPerBranch":1,"pollingInterval":0,"triggerType":2}],"variables":{"name_scan":{"value":"api-sajv2-core"},"projectName":{"value":"juridicoust-uat"},"proyectoregistry":{"value":"developers"},"system.debug":{"value":"false","allowOverride":true}},"variableGroups":[{"variables":{"harbordevname":{"value":"harbor-dev.coppel.io"},"harbordevproyect":{"value":"juridicoust-uat"}},"type":"Vsts","name":"DockerRegistry-UAT","description":"","id":21},{"variables":{"password":{"value":null,"isSecret":true},"username":{"value":null,"isSecret":true}},"type":"Vsts","name":"Git","description":"Credenciales para operaciones con git","id":23}],"properties":{},"tags":[],"_links":{"self":{"href":"https://dev.azure.com/coppelretail/3ca3fe82-db1e-4fdc-8b03-c39c5e67022b/_apis/build/Definitions/864?revision=24"},"web":{"href":"https://dev.azure.com/coppelretail/3ca3fe82-db1e-4fdc-8b03-c39c5e67022b/_build/definition?definitionId=864"},"editor":{"href":"https://dev.azure.com/coppelretail/3ca3fe82-db1e-4fdc-8b03-c39c5e67022b/_build/designer?id=864&_a=edit-build-definition"},"badge":{"href":"https://dev.azure.com/coppelretail/3ca3fe82-db1e-4fdc-8b03-c39c5e67022b/_apis/build/status/864"}},"buildNumberFormat":"$(date:yyyyMMdd)$(rev:.r)","jobAuthorizationScope":1,"jobTimeoutInMinutes":60,"jobCancelTimeoutInMinutes":5,"process":{"phases":[{"steps":[{"environment":{},"enabled":true,"continueOnError":false,"alwaysRun":false,"displayName":"Bash Script","timeoutInMinutes":0,"retryCountOnTaskFailure":0,"condition":"succeeded()","task":{"id":"6c731c3c-3c68-459a-a5c9-bde6e6595b5b","versionSpec":"3.*","definitionType":"task"},"inputs":{"targetType":"inline","filePath":"","arguments":"","script":"# Write your commands here\nproject_artifact_id=$(mvn -f $(system.defaultworkingdirectory)/pom.xml help:evaluate -Dexpression=project.artifactId -q -DforceStdout)\nproject_version=$(mvn -f $(system.defaultworkingdirectory)/pom.xml help:evaluate -Dexpression=project.version -q -DforceStdout).$(Build.SourceBranchName)\necho \"##vso[task.setvariable variable=projectArtifactId]$project_artifact_id\"\necho \"##vso[task.setvariable variable=projectVersion]$project_version\"\n","workingDirectory":"","failOnStderr":"false","bashEnvValue":""}},{"environment":{},"enabled":true,"continueOnError":false,"alwaysRun":false,"displayName":"Get K8s manifest ","timeoutInMinutes":0,"retryCountOnTaskFailure":0,"condition":"succeeded()","task":{"id":"6c731c3c-3c68-459a-a5c9-bde6e6595b5b","versionSpec":"3.*","definitionType":"task"},"inputs":{"targetType":"inline","filePath":"","arguments":"","script":"git clone https://$(username):$(password)@dev.azure.com/coppelretail/saj/_git/pipelineConfig temp\n\nmv -f temp/sajv2-core-manifest2.yaml ./sajv2-core-manifest.yaml\ncat ./sajv2-core-manifest.yaml\n\nrm -rf temp","workingDirectory":"","failOnStderr":"false","bashEnvValue":""}},{"environment":{},"enabled":true,"continueOnError":false,"alwaysRun":false,"displayName":"Replace tokens in sajv2-core-manifest.yaml","timeoutInMinutes":0,"retryCountOnTaskFailure":0,"condition":"succeeded()","task":{"id":"a8515ec8-7254-4ffd-912c-86772e2b5962","versionSpec":"4.*","definitionType":"task"},"inputs":{"rootDirectory":"","targetFiles":"sajv2-core-manifest.yaml","encoding":"auto","tokenPattern":"default","tokenPrefix":"#{","tokenSuffix":"}#","writeBOM":"true","escapeType":"auto","escapeChar":"","charsToEscape":"","verbosity":"normal","actionOnMissing":"warn","keepToken":"false","actionOnNoFiles":"continue","enableTransforms":"false","transformPrefix":"(","transformSuffix":")","variableFiles":"","variableSeparator":".","useLegacyPattern":"false","emptyValue":"(empty)","defaultValue":"","enableTelemetry":"true"}},{"environment":{},"enabled":true,"continueOnError":false,"alwaysRun":false,"displayName":"Verify K8s manifest","timeoutInMinutes":0,"retryCountOnTaskFailure":0,"condition":"succeeded()","task":{"id":"6c731c3c-3c68-459a-a5c9-bde6e6595b5b","versionSpec":"3.*","definitionType":"task"},"inputs":{"targetType":"inline","filePath":"","arguments":"","script":"cat ./sajv2-core-manifest.yaml","workingDirectory":"","failOnStderr":"false","bashEnvValue":""}},{"environment":{},"enabled":false,"continueOnError":false,"alwaysRun":false,"displayName":"Bash Script - Clone Container","timeoutInMinutes":0,"retryCountOnTaskFailure":0,"condition":"succeeded()","task":{"id":"6c731c3c-3c68-459a-a5c9-bde6e6595b5b","versionSpec":"3.*","definitionType":"task"},"inputs":{"targetType":"inline","filePath":"","arguments":"","script":"if [ -d $(system.defaultworkingdirectory)/containers ] \nthen\n    rm -rf ./containers\n    git clone http://gitlab.coppel.io/oc/containers.git\nelse\n    git clone http://gitlab.coppel.io/oc/containers.git\nfi","workingDirectory":"","failOnStderr":"false","bashEnvValue":""}},{"environment":{},"enabled":true,"continueOnError":false,"alwaysRun":false,"displayName":"Maven pom.xml","timeoutInMinutes":0,"retryCountOnTaskFailure":0,"condition":"succeeded()","task":{"id":"ac4ee482-65da-4485-a532-7b085873e532","versionSpec":"3.*","definitionType":"task"},"inputs":{"mavenPOMFile":"$(Parameters.mavenPOMFile)","goals":"-Dmaven.test.skip -e clean install -Dsonar.host.url=http://sonarqube.coppel.io:9001/desarrollo","options":"","publishJUnitResults":"true","testResultsFiles":"**/surefire-reports/TEST-*.xml","testRunTitle":"","allowBrokenSymbolicLinks":"false","codeCoverageTool":"None","classFilter":"","classFilesDirectories":"","srcDirectories":"","failIfCoverageEmpty":"false","restoreOriginalPomXml":"false","javaHomeSelection":"JDKVersion","jdkVersion":"default","jdkUserInputPath":"","jdkArchitecture":"x64","mavenVersionSelection":"Default","mavenPath":"","mavenSetM2Home":"false","mavenOpts":"-Xmx1024m","mavenFeedAuthenticate":"false","skipEffectivePom":"false","sqAnalysisEnabled":"false","isJacocoCoverageReportXML":"false","sqMavenPluginVersionChoice":"latest","checkstyleAnalysisEnabled":"false","pmdAnalysisEnabled":"false","findbugsAnalysisEnabled":"false"}},{"environment":{},"enabled":false,"continueOnError":false,"alwaysRun":false,"displayName":"Maven pom.xml copy","timeoutInMinutes":0,"retryCountOnTaskFailure":0,"condition":"succeeded()","task":{"id":"ac4ee482-65da-4485-a532-7b085873e532","versionSpec":"3.*","definitionType":"task"},"inputs":{"mavenPOMFile":"$(Parameters.mavenPOMFile)","goals":"-Dmaven.test.skip -e clean install -Dsonar.host.url=http://sonarqube.coppel.io:9001/desarrollo","options":"","publishJUnitResults":"true","testResultsFiles":"**/surefire-reports/TEST-*.xml","testRunTitle":"","allowBrokenSymbolicLinks":"true","codeCoverageTool":"None","classFilter":"","classFilesDirectories":"","srcDirectories":"","failIfCoverageEmpty":"false","restoreOriginalPomXml":"false","javaHomeSelection":"JDKVersion","jdkVersion":"default","jdkUserInputPath":"","jdkArchitecture":"x64","mavenVersionSelection":"Default","mavenPath":"","mavenSetM2Home":"false","mavenOpts":"-Xmx1024m","mavenFeedAuthenticate":"false","skipEffectivePom":"false","sqAnalysisEnabled":"false","isJacocoCoverageReportXML":"false","sqMavenPluginVersionChoice":"latest","checkstyleAnalysisEnabled":"false","pmdAnalysisEnabled":"false","findbugsAnalysisEnabled":"false"}},{"environment":{},"enabled":false,"continueOnError":false,"alwaysRun":false,"displayName":"Copy Files to: $(build.artifactstagingdirectory)","timeoutInMinutes":0,"retryCountOnTaskFailure":0,"condition":"succeeded()","task":{"id":"5bfb729a-a7c8-4a78-a7c3-8d717bb7c13c","versionSpec":"2.*","definitionType":"task"},"inputs":{"SourceFolder":"$(system.defaultworkingdirectory)","Contents":"target/app.jar\ntarget/application.properties\nDockerfile\nsajv2-core-manifest.yaml","TargetFolder":"$(build.artifactstagingdirectory)","CleanTargetFolder":"true","OverWrite":"true","flattenFolders":"true","preserveTimestamp":"false","retryCount":"0","delayBetweenRetries":"1000","ignoreMakeDirErrors":"false"}},{"environment":{},"enabled":true,"continueOnError":false,"alwaysRun":false,"displayName":"Copy Files to: $(build.artifactstagingdirectory)","timeoutInMinutes":0,"retryCountOnTaskFailure":0,"condition":"succeeded()","task":{"id":"5bfb729a-a7c8-4a78-a7c3-8d717bb7c13c","versionSpec":"2.*","definitionType":"task"},"inputs":{"SourceFolder":"$(system.defaultworkingdirectory)","Contents":"sajv2-core-manifest.yaml","TargetFolder":"$(build.artifactstagingdirectory)","CleanTargetFolder":"true","OverWrite":"true","flattenFolders":"true","preserveTimestamp":"false","retryCount":"0","delayBetweenRetries":"1000","ignoreMakeDirErrors":"false"}},{"environment":{},"enabled":true,"continueOnError":false,"alwaysRun":false,"displayName":"Bash Script Print Variables","timeoutInMinutes":0,"retryCountOnTaskFailure":0,"condition":"succeeded()","task":{"id":"6c731c3c-3c68-459a-a5c9-bde6e6595b5b","versionSpec":"3.*","definitionType":"task"},"inputs":{"targetType":"inline","filePath":"","arguments":"","script":"echo \"$(projectArtifactId) $(projectVersion)\"\n\necho \"$(projectArtifactId)\" > $(build.artifactstagingdirectory)/projectArtifactId.dat\necho \"$(projectVersion)\" > $(build.artifactstagingdirectory)/projectVersion.dat\n\ncat $(build.artifactstagingdirectory)/projectArtifactId.dat\ncat $(build.artifactstagingdirectory)/projectVersion.dat\n","workingDirectory":"$(build.artifactstagingdirectory)","failOnStderr":"false","bashEnvValue":""}},{"environment":{},"enabled":true,"continueOnError":false,"alwaysRun":false,"displayName":"Publish Artifact: drop","timeoutInMinutes":0,"retryCountOnTaskFailure":0,"condition":"succeeded()","task":{"id":"2ff763a7-ce83-4e1f-bc89-0ae63477cebe","versionSpec":"1.*","definitionType":"task"},"inputs":{"PathtoPublish":"$(build.artifactstagingdirectory)","ArtifactName":"drop","ArtifactType":"Container","TargetPath":"","Parallel":"false","ParallelCount":"8","FileCopyOptions":"","StoreAsTar":"false"}},{"environment":{},"enabled":true,"continueOnError":false,"alwaysRun":false,"displayName":"Prepare analysis on SonarQube","timeoutInMinutes":0,"retryCountOnTaskFailure":0,"condition":"succeeded()","task":{"id":"15b84ca1-b62f-4a2a-a403-89b77a063157","versionSpec":"5.*","definitionType":"task"},"inputs":{"SonarQube":"7d50d4a3-6d60-44ce-8b40-92e73963fbca","scannerMode":"CLI","configMode":"file","configFile":"sonar-project.properties","cliProjectKey":"","projectKey":"","cliProjectName":"","projectName":"","cliProjectVersion":"1.0","projectVersion":"1.0","cliSources":".","extraProperties":"# Additional properties that will be passed to the scanner, \n# Put one key=value per line, example:\n# sonar.exclusions=**/*.bin"}},{"environment":{},"enabled":true,"continueOnError":false,"alwaysRun":false,"displayName":"Run Code Analysis","timeoutInMinutes":0,"retryCountOnTaskFailure":0,"condition":"succeeded()","task":{"id":"6d01813a-9589-4b15-8491-8164aeb38055","versionSpec":"5.*","definitionType":"task"},"inputs":{}},{"environment":{},"enabled":true,"continueOnError":false,"alwaysRun":false,"displayName":"Publish Quality Gate Result","timeoutInMinutes":0,"retryCountOnTaskFailure":0,"condition":"succeeded()","task":{"id":"291ed61f-1ee4-45d3-b1b0-bf822d9095ef","versionSpec":"5.*","definitionType":"task"},"inputs":{"pollingTimeoutSec":"300"}},{"environment":{},"enabled":true,"continueOnError":false,"alwaysRun":false,"displayName":"Application security testing","timeoutInMinutes":0,"retryCountOnTaskFailure":0,"condition":"succeeded()","task":{"id":"5262fee4-b921-4e23-9d22-3bccaa562688","versionSpec":"2022.*","definitionType":"task"},"inputs":{"projectName":"$(name_scan)","syncMode":"true","enableProxy":"true","proxyUrl":"","enableSastScan":"true","CheckmarxService":"0c90980f-0ee8-4197-8af4-08eaefc72763","preset":"Checkmarx Default","customPreset":"Coppel Default Test","engineConfigId":"Default Configuration","fullTeamName":"CxServer\\SP\\Coppel\\DevOps-SB","sastCaChainFilePath":"","incScan":"true","fullScansScheduled":"false","fullScanCycle":"","forceScan":"false","folderExclusion":"cvs, .svn, .hg , .git, .bzr, bin , obj,  backup, .idea, node_modules","fileExtension":"!**/*.DS_Store, !**/*.ipr, !**/*.iws, !**/*.bak, !**/*.tmp, !**/*.aac, !**/*.aif, !**/*.iff, !**/*.m3u, !**/*.mid, !**/*.mp3,\n!**/*.mpa, !**/*.ra, !**/*.wav, !**/*.wma, !**/*.3g2, !**/*.3gp, !**/*.asf, !**/*.asx, !**/*.avi,!**/*.flv, !**/*.mov, !**/*.mp4, !**/*.mpg,  !**/*.rm, !**/*.swf, !**/*.vob, !**/*.wmv, !**/*.bmp, !**/*.gif, !**/*.jpg, !**/*.png, !**/*.psd, !**/*.tif, !**/*.swf, !**/*.jar, !**/*.zip, !**/*.rar, !**/*.exe, !**/*.dll, !**/*.pdb, !**/*.7z, !**/*.gz, !**/*.tar.gz, !**/*.tar, !**/*.gz, !**/*.ahtm, !**/*.ahtml, !**/*.fhtml, !**/*.hdm, !**/*.hdml,   !**/*.hsql, !**/*.ht, !**/*.hta, !**/*.htc, !**/*.htd, !**/*.war, !**/*.ear, !**/*.htmls, !**/*.ihtml, !**/*.mht, !**/*.mhtm, !**/*.mhtml, !**/*.ssi, !**/*.stm, !**/*.stml, !**/*.ttml, !**/*.txn, !**/*.xhtm, !**/*.xhtml, !**/*.class, !**/*.iml","scanTimeout":"","customfields":"","denyProject":"false","comment":"","postScanAction":"","vulnerabilityThreshold":"false","high":"","medium":"","low":"","enablePolicyViolations":"false","avoidDuplicateScans":"false","enableDependencyScan":"false","dependencyServerURL":"","dependencyFileExtension":"!**/*.DS_Store, !**/*.ipr, !**/*.iws, !**/*.bak, !**/*.tmp, !**/*.aac, !**/*.aif, !**/*.iff, !**/*.m3u, !**/*.mid, !**/*.mp3,\n!**/*.mpa, !**/*.ra, !**/*.wav, !**/*.wma, !**/*.3g2, !**/*.3gp, !**/*.asf, !**/*.asx, !**/*.avi,!**/*.flv, !**/*.mov, !**/*.mp4, !**/*.mpg,  !**/*.rm, !**/*.swf, !**/*.vob, !**/*.wmv, !**/*.bmp, !**/*.gif, !**/*.jpg, !**/*.png, !**/*.psd, !**/*.tif, !**/*.swf, !**/*.zip, !**/*.rar, !**/*.exe, !**/*.dll, !**/*.pdb, !**/*.7z, !**/*.gz, !**/*.tar.gz, !**/*.tar, !**/*.gz, !**/*.ahtm, !**/*.ahtml, !**/*.fhtml, !**/*.hdm, !**/*.hdml,   !**/*.hsql, !**/*.ht, !**/*.hta, !**/*.htc, !**/*.htd, !**/*.war, !**/*.ear, !**/*.htmls, !**/*.ihtml, !**/*.mht, !**/*.mhtm, !**/*.mhtml, !**/*.ssi, !**/*.stm, !**/*.stml, !**/*.ttml, !**/*.txn, !**/*.xhtm, !**/*.xhtml, !**/*.class, !**/*.iml","dependencyFolderExclusion":"cvs, .svn, .hg , .git, .bzr, bin , obj,  backup, .idea, node_modules","scaTeam":"","scaCaChainFilePath":"","isEnableScaResolver":"false","pathToScaResolver":"","scaResolverAddParameters":"","scaConfigFilePaths":"","scaEnvVariables":"","includeSource":"false","scaExploitablePath":"false","CheckmarxServiceForSca":"","dependencyAccessControlURL":"https://platform.checkmarx.net","dependencyWebAppURL":"https://sca.checkmarx.net","dependencyTenant":"","scaProjectFullPath":"","scaProjectId":"","scaEnablePolicyViolations":"false","scaVulnerabilityThreshold":"false","scaHigh":"","scaMedium":"","scaLow":""}},{"environment":{},"enabled":true,"continueOnError":false,"alwaysRun":false,"displayName":"Build an image","timeoutInMinutes":0,"retryCountOnTaskFailure":0,"condition":"succeeded()","task":{"id":"e28912f1-0114-4464-802a-a3a35437fd16","versionSpec":"1.*","definitionType":"task"},"inputs":{"containerregistrytype":"Container Registry","addBaseImageData":"true","dockerRegistryEndpoint":"b163ca3b-2124-4c8c-8092-3b39cb9808cf","azureSubscriptionEndpoint":"","azureContainerRegistry":"","command":"Build an image","dockerFile":"Dockerfile","arguments":"","pushMultipleImages":"false","tagMultipleImages":"false","imageName":"$(harbordevproyect)/$(projectArtifactId):$(projectVersion)","imageNamesPath":"","qualifyImageName":"true","qualifySourceImageName":"false","includeSourceTags":"true","includeLatestTag":"true","addDefaultLabels":"true","useDefaultContext":"true","buildContext":"","imageDigestFile":"","containerName":"","ports":"","volumes":"","envVars":"","workingDirectory":"","entrypointOverride":"","containerCommand":"","runInBackground":"true","restartPolicy":"no","maxRestartRetries":"","dockerHostEndpoint":"","enforceDockerNamingConvention":"true","memoryLimit":""}},{"environment":{},"enabled":true,"continueOnError":false,"alwaysRun":false,"displayName":"Push Docker Image","timeoutInMinutes":0,"retryCountOnTaskFailure":0,"condition":"succeeded()","task":{"id":"e28912f1-0114-4464-802a-a3a35437fd16","versionSpec":"1.*","definitionType":"task"},"inputs":{"containerregistrytype":"Container Registry","addBaseImageData":"true","dockerRegistryEndpoint":"b163ca3b-2124-4c8c-8092-3b39cb9808cf","azureSubscriptionEndpoint":"","azureContainerRegistry":"","command":"Push an image","dockerFile":"**/Dockerfile","arguments":"","pushMultipleImages":"false","tagMultipleImages":"false","imageName":"$(harbordevproyect)/$(projectArtifactId):$(projectVersion)","imageNamesPath":"","qualifyImageName":"true","qualifySourceImageName":"false","includeSourceTags":"false","includeLatestTag":"false","addDefaultLabels":"true","useDefaultContext":"true","buildContext":"","imageDigestFile":"","containerName":"","ports":"","volumes":"","envVars":"","workingDirectory":"","entrypointOverride":"","containerCommand":"","runInBackground":"true","restartPolicy":"no","maxRestartRetries":"","dockerHostEndpoint":"","enforceDockerNamingConvention":"true","memoryLimit":""}},{"environment":{},"enabled":true,"continueOnError":false,"alwaysRun":false,"displayName":"Delete an Image","timeoutInMinutes":0,"retryCountOnTaskFailure":0,"condition":"succeeded()","task":{"id":"670be730-f416-11e6-be17-19bd09ccd9ea","versionSpec":"0.*","definitionType":"task"},"inputs":{"code":"docker rmi $(harbordevname)/$(harbordevproyect)/$(projectArtifactId):$(projectVersion)"}}],"name":"Agent job 1","refName":"Phase_1","condition":"succeeded()","target":{"queue":{"_links":{"self":{"href":"https://dev.azure.com/coppelretail/_apis/build/Queues/821"}},"id":821,"url":"https://dev.azure.com/coppelretail/_apis/build/Queues/821","pool":null},"executionOptions":{"type":0},"allowScriptsAuthAccessOption":false,"type":1},"jobAuthorizationScope":1,"jobCancelTimeoutInMinutes":1}],"type":1},"repository":{"properties":{"cleanOptions":"3","labelSources":"0","labelSourcesFormat":"$(build.buildNumber)","reportBuildStatus":"true","gitLfsSupport":"false","skipSyncSource":"false","checkoutNestedSubmodules":"false","fetchDepth":"0"},"id":"bd2fe0f8-1b27-42fe-9f52-6b23b8b03a0c","type":"TfsGit","name":"sajv2","url":"https://dev.azure.com/coppelretail/saj/_git/sajv2","defaultBranch":"refs/heads/uat","clean":"true","checkoutSubmodules":false},"processParameters":{"inputs":[{"aliases":[],"options":{},"properties":{},"name":"mavenPOMFile","label":"Maven POM file","defaultValue":"pom.xml","required":true,"type":"filePath","helpMarkDown":""}]},"quality":1,"authoredBy":{"displayName":"José Luis León Salazar","url":"https://spsprodcus2.vssps.visualstudio.com/A5b6effae-88d4-44b8-8c78-db2e6ae4139c/_apis/Identities/23b55117-e147-6fe4-b295-2e6824dd0325","_links":{"avatar":{"href":"https://dev.azure.com/coppelretail/_apis/GraphProfile/MemberAvatars/aad.MjNiNTUxMTctZTE0Ny03ZmU0LWIyOTUtMmU2ODI0ZGQwMzI1"}},"id":"23b55117-e147-6fe4-b295-2e6824dd0325","uniqueName":"jose.leon@coppel.com","imageUrl":"https://dev.azure.com/coppelretail/_apis/GraphProfile/MemberAvatars/aad.MjNiNTUxMTctZTE0Ny03ZmU0LWIyOTUtMmU2ODI0ZGQwMzI1","descriptor":"aad.MjNiNTUxMTctZTE0Ny03ZmU0LWIyOTUtMmU2ODI0ZGQwMzI1"},"drafts":[],"queue":{"_links":{"self":{"href":"https://dev.azure.com/coppelretail/_apis/build/Queues/821"}},"id":821,"name":"Agents-Linux-Java8","url":"https://dev.azure.com/coppelretail/_apis/build/Queues/821","pool":{"id":23,"name":"Agents-Linux-Java8"}},"id":864,"name":"UAT_SAJv2.core","url":"https://dev.azure.com/coppelretail/3ca3fe82-db1e-4fdc-8b03-c39c5e67022b/_apis/build/Definitions/864?revision=24","uri":"vstfs:///Build/Definition/864","path":"\\","type":2,"queueStatus":0,"revision":24,"createdDate":"2022-02-24T19:02:30.403Z","project":{"id":"3ca3fe82-db1e-4fdc-8b03-c39c5e67022b","name":"saj","url":"https://dev.azure.com/coppelretail/_apis/projects/3ca3fe82-db1e-4fdc-8b03-c39c5e67022b","state":1,"revision":870,"visibility":0,"lastUpdateTime":"2022-02-09T20:11:47.140Z"}}